canonical_smiles,name,original_smiles,pce_mean,pce_median,pce_max,record_count,phosphonic acid / phosphonate,carboxylic acid / carboxylate,carbazole core,benzene ring,thiophene ring,C2 alkyl spacer,C3 alkyl spacer,C4 alkyl spacer,C6 alkyl chain,carbonyl group,fluorinated carbon,chlorinated aryl,brominated aryl,Ring count,Aromatic rings,P atoms,N atoms,O atoms,F atoms,Heavy atoms,MolWt,LogP,TPSA,HBA,HBD,FractionCSP3,brics_fragments,pce_group
*Nc1cc(Nc2ccc3c(c2)c2ccc(*)cc2n3CCCCP(=O)(O)O)c(C)cc1C,27-4p-PANI,[*]c1ccc2c(c1)n(CCCCP(=O)(O)O)c1ccc(Nc3c(C)cc(C)c(N[*])c3)cc12,8.59,8.59,8.59,1,1,0,1,1,0,1,1,1,0,0,0,0,0,4,4,1,3,3,0,31,435.4640000000002,5.163640000000005,86.52000000000001,3,4,0.25,*CCCCP(=O)(O)O|*N*|*c1cc(*)c(C)cc1C|*c1ccc2c(c1)c1ccc(*)cc1n2*,low
*Nc1cc(Nc2ccc3c4cc(*)ccc4n(-c4ccc(P(=O)(O)O)cc4)c3c2)c(C)cc1C,36-Ph-PANI,[*]c1cc2c(cc1)n(c1ccc(P(=O)(O)O)cc1)c1cc(Nc3c(C)cc(C)c(N[*])c3)ccc12,15.08,15.08,15.08,1,1,0,1,1,0,0,0,0,0,0,0,0,0,5,5,1,3,3,0,33,455.4540000000002,4.997940000000003,86.52000000000001,3,4,0.07692307692307693,*N*|*c1cc(*)c(C)cc1C|*c1ccc(P(=O)(O)O)cc1|*c1ccc2c(c1)c1ccc(*)cc1n2*,middle
*Nc1cc(Nc2ccc3c4cc(*)ccc4n(CCCCP(=O)(O)O)c3c2)c(C)cc1C,36-4p-PANI,[*]c1cc2c(cc1)n(CCCCP(=O)(O)O)c1cc(Nc3c(C)cc(C)c(N[*])c3)ccc12,11.36,11.36,11.36,1,1,0,1,1,0,1,1,1,0,0,0,0,0,4,4,1,3,3,0,31,435.4640000000001,5.1636400000000044,86.52000000000001,3,4,0.25,*CCCCP(=O)(O)O|*N*|*c1cc(*)c(C)cc1C|*c1ccc2c(c1)c1ccc(*)cc1n2*,low
*Nc1cc(Nc2ccc3c4cc(*)ccc4n(CCP(=O)(O)O)c3c2)c(C)cc1C,36-2p-PANI,[*]c1cc2c(cc1)n(CCP(=O)(O)O)c1cc(Nc3c(C)cc(C)c(N[*])c3)ccc12,12.46,12.46,12.46,1,1,0,1,1,0,1,0,0,0,0,0,0,0,4,4,1,3,3,0,29,407.41000000000014,4.383440000000003,86.52000000000001,3,4,0.18181818181818182,*CCP(=O)(O)O|*N*|*c1cc(*)c(C)cc1C|*c1ccc2c(c1)c1ccc(*)cc1n2*,middle
*c1cc(CCCCCCC(=O)O)sc1*,P3HT-COOH,[*]c1cc(CCCCCCC(=O)O)sc1[*],11.120000000000001,11.120000000000001,13.63,2,0,1,0,0,1,0,0,0,1,1,0,0,0,1,1,0,0,2,0,14,210.298,1.6749,37.3,2,1,0.5454545454545454,*CCCCCCC(=O)O|*c1cc(*)c(*)s1,low
*c1ccc(-c2ccc3c4ccc(-c5ccc(*)cc5)cc4n(CCP(=O)(O)O)c3c2)cc1,PPh-2PACz,O=P(O)(O)CCn1c2cc(-c3ccc([*])cc3)ccc2c2ccc(-c3ccc([*])cc3)cc21,19.533333333333335,19.53,19.63,3,1,0,1,1,0,1,0,0,0,0,0,0,0,5,5,1,1,3,0,31,425.42400000000015,4.6554000000000055,62.46000000000001,1,2,0.07692307692307693,*CCP(=O)(O)O|*c1ccc(*)cc1|*c1ccc2c3ccc(*)cc3n(*)c2c1,high
*c1ccc2c(c1)c1cc(*)ccc1n2CCP(=O)(O)O,Poly-2PACz,[*]c1cc2c(cc1)n(CCP(=O)(O)O)c1ccc([*])cc12,18.0125,18.05,19.1,8,1,0,1,1,0,1,0,0,0,0,0,0,0,3,3,1,1,3,0,19,273.22799999999995,1.3213999999999997,62.46000000000001,1,2,0.14285714285714285,*CCP(=O)(O)O|*c1ccc2c(c1)c1cc(*)ccc1n2*,middle
CC(C)(C)c1ccc2c(c1)c1cc(C(C)(C)C)ccc1n2CCCP(=O)(O)O,t-Bu-3PACz,CC(C)(C)c1ccc2c(c1)c1cc(C(C)(C)C)ccc1n2CCCP(=O)(O)O,17.6,17.6,17.6,1,1,0,1,1,0,1,1,0,0,0,0,0,0,3,3,1,1,3,0,28,401.48700000000014,5.957300000000007,62.46000000000001,1,2,0.4782608695652174,*C(C)(C)C|*CCCP(=O)(O)O|*c1ccc2c(c1)c1cc(*)ccc1n2*,middle
CC(C)(C)c1ccc2c(c1)c1ccc(C(C)(C)C)cc1n2CCCCP(=O)(O)O,CBZC4,CC(C)(C)c1ccc2c(c1)c1ccc(C(C)(C)C)cc1n2CCCCP(=O)(O)O,16.2,16.2,16.2,1,1,0,1,1,0,1,1,1,0,0,0,0,0,3,3,1,1,3,0,29,415.5140000000002,6.3474000000000075,62.46000000000001,1,2,0.5,*C(C)(C)C|*CCCCP(=O)(O)O|*c1ccc2c(c1)c1ccc(*)cc1n2*,middle
CC(C)(C)c1ccc2c(c1)c1ccc(C(C)(C)C)cc1n2CCP(=O)(O)O,CBZC2,CC(C)(C)c1ccc2c(c1)c1ccc(C(C)(C)C)cc1n2CCP(=O)(O)O,16.4,16.4,16.4,1,1,0,1,1,0,1,0,0,0,0,0,0,0,3,3,1,1,3,0,27,387.4600000000001,5.567200000000007,62.46000000000001,1,2,0.45454545454545453,*C(C)(C)C|*CCP(=O)(O)O|*c1ccc2c(c1)c1ccc(*)cc1n2*,middle
CC1(C)c2ccccc2N(CCCCP(=O)(O)O)c2ccccc21,4PA-DMAc,CC1(C)c2ccccc2N(CCCCP(=O)(O)O)c2ccccc21,16.83,16.83,16.83,1,1,0,0,1,0,1,1,1,0,0,0,0,0,3,2,1,1,3,0,24,345.37899999999996,4.421900000000004,60.77000000000001,2,2,0.3684210526315789,*CCCCP(=O)(O)O|*N1c2ccccc2C(C)(C)c2ccccc21,middle
CCCCCCCCB(O)O,C8-BA,CCCCCCCCB(O)O,3.068,3.068,3.068,1,0,0,0,0,0,0,0,0,1,0,0,0,0,0,0,0,0,2,0,11,158.05,1.8197,40.46,2,2,1.0,CCCCCCCCB(O)O,low
CCCCCCCCCCB(O)O,C10-BA,CCCCCCCCCCB(O)O,3.382,3.382,3.382,1,0,0,0,0,0,0,0,0,1,0,0,0,0,0,0,0,0,2,0,13,186.104,2.5999000000000017,40.46,2,2,1.0,CCCCCCCCCCB(O)O,low
CCCCCCCCCCCCB(O)O,C12-BA,CCCCCCCCCCCCB(O)O,3.434,3.434,3.434,1,0,0,0,0,0,0,0,0,1,0,0,0,0,0,0,0,0,2,0,15,214.158,3.3801000000000023,40.46,2,2,1.0,CCCCCCCCCCCCB(O)O,low
CCCCCCCCP(=O)(O)O,H8-SAM,O=P(O)(O)CCCCCCCC,1.81,1.81,1.81,1,1,0,0,0,0,1,1,1,1,0,0,0,0,0,0,1,0,3,0,12,194.211,2.5246000000000013,57.53,1,2,1.0,CCCCCCCCP(=O)(O)O,low
CCn1c2ccccc2c2ccc3c4ccccc4n(CCP(=O)(O)O)c3c21,2PACz-D2,CCn1c2ccccc2c2ccc3c4ccccc4n(CCP(=O)(O)O)c3c21,16.05,16.05,16.05,1,1,0,1,1,0,1,0,0,0,0,0,0,0,5,5,1,2,3,0,28,392.39500000000015,5.100000000000006,67.39,1,2,0.18181818181818182,*CC|*CCP(=O)(O)O|*n1c2ccccc2c2ccc3c4ccccc4n(*)c3c21,middle
COc1cc(OC)cc(-c2ccc3c(c2)c2c4ccccc4ccc2n3CCP(=O)(O)O)c1,DM-BZCz,COc1cc(OC)cc(-c2ccc3c(c2)c2c4ccccc4ccc2n3CCP(=O)(O)O)c1,19.75,19.75,20.54,4,1,0,1,1,0,1,0,0,0,0,0,0,0,5,5,1,1,5,0,33,461.4540000000002,5.809600000000007,80.92,3,2,0.15384615384615385,*CCP(=O)(O)O|*OC|*c1cc(*)cc(*)c1|*c1ccc2c(c1)c1c3ccccc3ccc1n2*,high
COc1ccc(-c2ccc3c(c2)c2ccc(-c4ccc(OC)c(OC)c4)cc2n3CCP(=O)(O)O)cc1OC,DECz,COc1ccc(-c2ccc3c(c2)c2ccc(-c4ccc(OC)c(OC)c4)cc2n3CCP(=O)(O)O)cc1OC,17.4525,17.74,18.74,4,1,0,1,1,0,1,0,0,0,0,0,0,0,5,5,1,1,7,0,39,547.5440000000002,6.340600000000008,99.38000000000001,5,2,0.2,*CCP(=O)(O)O|*OC|*c1ccc(*)c(*)c1|*c1ccc2c(c1)c1ccc(*)cc1n2*,middle
COc1ccc(-c2ccc3c4cc(Br)ccc4n(CCP(=O)(O)O)c3c2)cc1OC,BrDECz,COc1ccc(-c2ccc3c4cc(Br)ccc4n(CCP(=O)(O)O)c3c2)cc1OC,18.060000000000002,18.259999999999998,19.67,4,1,0,1,1,0,1,0,0,0,0,0,0,1,4,4,1,1,5,0,30,490.2900000000002,5.418900000000006,80.92,3,2,0.18181818181818182,*CCP(=O)(O)O|*OC|*c1ccc(*)c(*)c1|*c1ccc2c3cc(Br)ccc3n(*)c2c1,middle
COc1ccc(N(c2ccc(-c3ccc(C(=O)O)cc3)cc2)c2ccc3ccccc3c2)cc1,MNA,COc1ccc(N(c2ccc(-c3ccc(C(=O)O)cc3)cc2)c2ccc3ccccc3c2)cc1,6.87,7.16,8.04,4,0,1,0,1,0,0,0,0,0,1,0,0,0,5,5,0,1,3,0,34,445.51800000000014,7.683400000000006,49.769999999999996,3,1,0.03333333333333333,*C(=O)O|*N(*)*|*OC|*c1ccc(*)cc1|*c1ccc2ccccc2c1,low
COc1ccc2c(c1)c1cc(OC)ccc1n2CCP(=O)(O)O,MeO-2PACz,COc1ccc2c(c1)c1cc(OC)ccc1n2CCP(=O)(O)O,13.833333333333334,14.5,14.5,3,1,0,1,1,0,1,0,0,0,0,0,0,0,3,3,1,1,5,0,23,335.296,2.9894000000000016,80.92,3,2,0.25,*CCP(=O)(O)O|*OC|*c1ccc2c(c1)c1cc(*)ccc1n2*,middle
COc1ccc2c(c1)c1ccc(OC)cc1n2CCCCP(=O)(O)O,MeO-4PACz,COc1ccc2c(c1)c1ccc(OC)cc1n2CCCCP(=O)(O)O,14.68,14.68,14.68,1,1,0,1,1,0,1,1,1,0,0,0,0,0,3,3,1,1,5,0,25,363.3500000000001,3.7696000000000036,80.92,3,2,0.3333333333333333,*CCCCP(=O)(O)O|*OC|*c1ccc2c(c1)c1ccc(*)cc1n2*,middle
COc1ccc2c(c1)c1ccc(OC)cc1n2CCP(=O)(O)O,"2,6-diMeO-2PACz",COc1ccc2c(c1)c1ccc(OC)cc1n2CCP(=O)(O)O,10.336666666666666,8.65,15.8,3,1,0,1,1,0,1,0,0,0,0,0,0,0,3,3,1,1,5,0,23,335.296,2.9894000000000016,80.92,3,2,0.25,*CCP(=O)(O)O|*OC|*c1ccc2c(c1)c1ccc(*)cc1n2*,low
COc1ccc2c3cc(F)ccc3n(CCCCP(=O)(O)O)c2c1,MeOF-4PACz,COc1ccc2c3cc(F)ccc3n(CCCCP(=O)(O)O)c2c1,18.99,19.16,19.48,3,1,0,1,1,0,1,1,1,0,0,1,0,0,3,3,1,1,4,1,24,351.314,3.9001000000000037,71.69,2,2,0.29411764705882354,*CCCCP(=O)(O)O|*OC|*c1ccc2c3cc(F)ccc3n(*)c2c1,high
COc1ccc2c3ccc(OC)cc3n(CCP(=O)(O)O)c2c1,"2,7-diMeO-2PACz",COc1ccc2c3ccc(OC)cc3n(CCP(=O)(O)O)c2c1,16.3,16.3,16.8,2,1,0,1,1,0,1,0,0,0,0,0,0,0,3,3,1,1,5,0,23,335.296,2.9894000000000025,80.92,3,2,0.25,*CCP(=O)(O)O|*OC|*c1ccc2c3ccc(*)cc3n(*)c2c1,middle
COc1cccc(-c2ccc3c(c2)c2ccc(-c4cccc(OC)c4)cc2n3CCP(=O)(O)O)c1,m-PhPACz,COc1cccc(-c2ccc3c(c2)c2ccc(-c4cccc(OC)c4)cc2n3CCP(=O)(O)O)c1,19.09,19.09,19.09,1,1,0,1,1,0,1,0,0,0,0,0,0,0,5,5,1,1,5,0,35,487.4920000000002,6.323400000000007,80.92,3,2,0.14285714285714285,*CCP(=O)(O)O|*OC|*c1ccc2c(c1)c1ccc(*)cc1n2*|*c1cccc(*)c1,high
Cc1ccc(-c2ccc3c4ccc(-c5ccc(C)cc5)cc4n(CCP(=O)(O)O)c3c2)cc1,BPC-M,O=P(O)(O)CCn1c2cc(-c3ccc(C)cc3)ccc2c2ccc(-c3ccc(C)cc3)cc21,17.98,18.6,19.3,5,1,0,1,1,0,1,0,0,0,0,0,0,0,5,5,1,1,3,0,33,455.4940000000002,6.9230400000000065,62.46000000000001,1,2,0.14285714285714285,*CCP(=O)(O)O|*c1ccc(C)cc1|*c1ccc2c3ccc(*)cc3n(*)c2c1,middle
Cc1ccc2c(c1)c1ccc(C)cc1n2CCCCP(=O)(O)O,Me-4PACz,Cc1ccc2c(c1)c1ccc(C)cc1n2CCCCP(=O)(O)O,17.386535714285714,18.025,20.42,28,1,0,1,1,0,1,1,1,0,0,0,0,0,3,3,1,1,3,0,23,331.352,4.369240000000005,62.46000000000001,1,2,0.3333333333333333,*CCCCP(=O)(O)O|*n1c2ccc(C)cc2c2ccc(C)cc21,middle
Fc1ccc(N(CCCCCCCCCCCCCCCCCC[Si](Cl)(Cl)Cl)c2ccc(F)c(F)c2)cc1F,C18F4PAPTSi,Cl[Si](Cl)(Cl)CCCCCCCCCCCCCCCCCCN(c1cc(F)c(F)cc1)c1cc(F)c(F)cc1,3.79,3.79,3.79,1,0,0,0,1,0,0,0,0,1,0,1,0,0,2,2,0,1,0,4,39,627.1100000000002,12.27799999999998,3.24,1,0,0.6,*CCCCCCCCCCCCCCCCCC[Si](Cl)(Cl)Cl|*N(*)*|*c1ccc(F)c(F)c1,low
Fc1ccc(N(CCCCCCCCCC[Si](Cl)(Cl)Cl)c2ccc(F)c(F)c2)cc1F,C10F4PAPTSi,Cl[Si](Cl)(Cl)CCCCCCCCCCN(c1cc(F)c(F)cc1)c1cc(F)c(F)cc1,4.95,4.95,4.95,1,0,0,0,1,0,0,0,0,1,0,1,0,0,2,2,0,1,0,4,31,514.894,9.157199999999998,3.24,1,0,0.45454545454545453,*CCCCCCCCCC[Si](Cl)(Cl)Cl|*N(*)*|*c1ccc(F)c(F)c1,low
Fc1ccc(N(CCCCCC[Si](Cl)(Cl)Cl)c2ccc(F)c(F)c2)cc1F,C6F4PAPTSi,Cl[Si](Cl)(Cl)CCCCCCN(c1cc(F)c(F)cc1)c1cc(F)c(F)cc1,5.3,5.3,5.3,1,0,0,0,1,0,0,0,0,1,0,1,0,0,2,2,0,1,0,4,27,458.7860000000001,7.596800000000005,3.24,1,0,0.3333333333333333,*CCCCCC[Si](Cl)(Cl)Cl|*N(*)*|*c1ccc(F)c(F)c1,low
Fc1ccc(N(CCC[Si](Cl)(Cl)Cl)c2ccc(F)c(F)c2)cc1F,C3F4PAPTSi,Cl[Si](Cl)(Cl)CCCN(c1cc(F)c(F)cc1)c1cc(F)c(F)cc1,6.25,6.25,6.25,1,0,0,0,1,0,0,0,0,0,0,1,0,0,2,2,0,1,0,4,24,416.7050000000001,6.426500000000003,3.24,1,0,0.2,*CCC[Si](Cl)(Cl)Cl|*N(*)*|*c1ccc(F)c(F)c1,low
NCCC(=O)O,C3-SAM,NCCC(=O)O,3.04,3.04,3.04,1,0,1,0,0,0,0,0,0,0,1,0,0,0,0,0,0,1,2,0,6,89.09399999999998,-0.5802,63.32000000000001,2,2,0.6666666666666666,NCCC(=O)O,low
O=C(O)C1C(C(=O)O)C2(Cl)C(Cl)=C(Cl)C1(Cl)C2(Cl)Cl,6C2A,C1(C(C2(C(=C(C1(C2(Cl)Cl)Cl)Cl)Cl)Cl)C(=O)O)C(=O)O,17.2,17.2,18.2,2,0,1,0,0,0,0,0,0,1,1,0,0,0,2,0,0,0,4,0,19,388.845,3.2335000000000003,74.6,2,2,0.5555555555555556,*C(=O)O|*C1C(*)C2(Cl)C(Cl)=C(Cl)C1(Cl)C2(Cl)Cl,middle
O=C(O)c1cc(Cl)c(Cl)c(Cl)c1Cl,"2,3,4,5-CBA",O=C(O)c1c(Cl)c(Cl)c(Cl)c(Cl)c1,9.1,9.1,9.1,1,0,1,0,1,0,0,0,0,0,1,0,1,0,1,1,0,0,2,0,13,259.903,3.9984,37.3,1,1,0.0,*C(=O)O|*c1cc(Cl)c(Cl)c(Cl)c1Cl,low
O=C(O)c1ccc(Br)cc1,BBA,O=C(O)c1ccc(Br)cc1,2.21,2.21,2.72,2,0,1,0,1,0,0,0,0,0,1,0,0,1,1,1,0,0,2,0,10,201.019,2.1473000000000004,37.3,1,1,0.0,*C(=O)O|*c1ccc(Br)cc1,low
O=C(O)c1ccc(Cl)c(Cl)c1,"3,4-CBA",O=C(O)c1cc(Cl)c(Cl)cc1,8.7,8.7,8.7,1,0,1,0,1,0,0,0,0,0,1,0,1,0,1,1,0,0,2,0,11,191.01299999999998,2.6916,37.3,1,1,0.0,*C(=O)O|*c1ccc(Cl)c(Cl)c1,low
O=C(O)c1ccc(Cl)cc1,CBA,O=C(O)c1ccc(Cl)cc1,5.5875,5.925,8.8,4,0,1,0,1,0,0,0,0,0,1,0,1,0,1,1,0,0,2,0,10,156.56799999999998,2.0382,37.3,1,1,0.0,*C(=O)O|*c1ccc(Cl)cc1,low
O=C(O)c1ccc(F)cc1,FBA,O=C(O)c1ccc(F)cc1,4.92,4.92,7.1,2,0,1,0,1,0,0,0,0,0,1,1,0,0,1,1,0,0,2,1,10,140.113,1.5239,37.3,1,1,0.0,*C(=O)O|*c1ccc(F)cc1,low
O=C(O)c1ccc([N+](=O)[O-])cc1,NBA,O=C(O)c1ccc([N+](=O)[O-])cc1,3.757,3.757,4.546,2,0,1,0,1,0,0,0,0,0,1,0,0,0,1,1,0,1,4,0,12,167.12,1.293,80.44,3,1,0.0,*C(=O)O|*c1ccc([N+](=O)[O-])cc1,low
O=C(O)c1cccc(Cl)c1,3-CBA,O=C(O)c1cccc(Cl)c1,8.2,8.2,8.2,1,0,1,0,1,0,0,0,0,0,1,0,1,0,1,1,0,0,2,0,10,156.56799999999998,2.0382,37.3,1,1,0.0,*C(=O)O|*c1cccc(Cl)c1,low
O=C(O)c1ccccc1,BA,O=C(O)c1ccccc1,3.3699999999999997,2.41,6.1,3,0,1,0,1,0,0,0,0,0,1,0,0,0,1,1,0,0,2,0,9,122.12299999999996,1.3848,37.3,1,1,0.0,*C(=O)O|*c1ccccc1,low
O=C(O)c1ccccc1Cl,2-CBA,O=C(O)c1ccccc1Cl,7.4,7.4,7.4,1,0,1,0,1,0,0,0,0,0,1,0,1,0,1,1,0,0,2,0,10,156.56799999999998,2.0382,37.3,1,1,0.0,*C(=O)O|*c1ccccc1Cl,low
O=P(O)(O)CC(F)(F)C(F)(F)C(F)(F)C(F)(F)C(F)(F)C(F)(F)F,FOPA,O=P(O)(O)CC(F)(F)C(F)(F)C(F)(F)C(F)(F)C(F)(F)C(F)(F)F,3.4,3.4,3.4,1,1,0,0,0,0,1,1,1,1,0,1,0,0,0,0,1,0,3,13,24,414.0539999999999,3.9029000000000007,57.53,1,2,1.0,O=P(O)(O)CC(F)(F)C(F)(F)C(F)(F)C(F)(F)C(F)(F)C(F)(F)F,low
O=P(O)(O)CCC(F)(F)C(F)(F)C(F)(F)C(F)(F)C(F)(F)C(F)(F)F,F8-SAM,O=P(O)(O)CCC(F)(F)C(F)(F)C(F)(F)C(F)(F)C(F)(F)C(F)(F)F,2.61,2.61,2.61,1,1,0,0,0,0,1,1,1,1,0,1,0,0,0,0,1,0,3,13,25,428.08099999999996,4.293000000000001,57.53,1,2,1.0,O=P(O)(O)CCC(F)(F)C(F)(F)C(F)(F)C(F)(F)C(F)(F)C(F)(F)F,low
O=P(O)(O)CCCCCn1c2ccc(Cl)cc2c2cc(Cl)ccc21,2Cl-5PACz,O=P(O)(O)CCCCCn1c2ccc(Cl)cc2c2cc(Cl)ccc21,12.556666666666667,12.64,13.27,3,1,0,1,1,0,1,1,1,0,0,0,1,0,3,3,1,1,3,0,24,386.2150000000001,5.449300000000004,62.46,1,2,0.29411764705882354,*CCCCCP(=O)(O)O|*n1c2ccc(Cl)cc2c2cc(Cl)ccc21,middle
O=P(O)(O)CCCCN1c2cc(Br)ccc2Sc2ccc(Br)cc21,BrPZPA,O=P(O)(O)CCCCN1c2cc(Br)ccc2Sc2ccc(Br)cc21,18.15,18.15,18.8,2,1,0,0,1,0,1,1,1,0,0,0,0,1,3,2,1,1,3,0,24,493.15700000000015,5.772200000000003,60.77,3,2,0.25,*CCCCP(=O)(O)O|*N1c2cc(Br)ccc2Sc2ccc(Br)cc21,middle
O=P(O)(O)CCCCN1c2ccc(Cl)cc2Sc2cc(Cl)ccc21,TDPA-Cl,O=P(O)(O)CCCCN1c2ccc(Cl)cc2Sc2cc(Cl)ccc21,17.35,17.35,17.4,2,1,0,0,1,0,1,1,1,0,0,0,1,0,3,2,1,1,3,0,24,404.25500000000017,5.554000000000003,60.77,3,2,0.25,*CCCCP(=O)(O)O|*N1c2ccc(Cl)cc2Sc2cc(Cl)ccc21,middle
O=P(O)(O)CCCCN1c2ccc(Cl)cc2Sc2ccc(Cl)cc21,TDPA‑Cl,O=P(O)(O)CCCCN1c2cc(Cl)ccc2Sc2cc(Cl)ccc21,17.35,17.35,17.4,2,1,0,0,1,0,1,1,1,0,0,0,1,0,3,2,1,1,3,0,24,404.25500000000017,5.554000000000003,60.77,3,2,0.25,*CCCCP(=O)(O)O|*N1c2ccc(Cl)cc2Sc2ccc(Cl)cc21,middle
O=P(O)(O)CCCCN1c2ccccc2C2(c3ccccc3-c3ccccc32)c2ccccc21,4PA-SAcF,O=P(O)(O)CCCCN1c2ccccc2C2(c3ccccc3-c3ccccc32)c2ccccc21,19.290000000000003,19.705,20.37,6,1,0,0,1,0,1,1,1,0,0,0,0,0,6,4,1,1,3,0,34,467.50500000000017,6.459100000000006,60.77,2,2,0.1724137931034483,*CCCCP(=O)(O)O|*N1c2ccccc2C2(c3ccccc3-c3ccccc32)c2ccccc21,high
O=P(O)(O)CCCCN1c2ccccc2Sc2ccccc21,PZPA,O=P(O)(O)CCCCN1c2ccccc2Sc2ccccc21,18.95,18.95,19.7,2,1,0,0,1,0,1,1,1,0,0,0,0,0,3,2,1,1,3,0,22,335.36500000000007,4.247200000000004,60.77,3,2,0.25,*CCCCP(=O)(O)O|*N1c2ccccc2Sc2ccccc21,high
O=P(O)(O)CCCCN1c2ccccc2Sc2nc3ccccc3nc21,JJ32,O=P(O)(O)CCCCN1c2ccccc2Sc2nc3ccccc3nc21,19.21666666666667,19.450000000000003,19.85,6,1,0,0,1,0,1,1,1,0,0,0,0,0,4,3,1,3,3,0,26,387.4010000000001,4.190400000000003,86.55,5,2,0.2222222222222222,*CCCCP(=O)(O)O|*N1c2ccccc2Sc2nc3ccccc3nc21,high
O=P(O)(O)CCCCn1c2cc(-c3ccc(Cl)cc3)ccc2c2ccc(-c3ccc(Cl)cc3)cc21,pCl-ph,O=P(O)(O)CCCCn1c2cc(-c3ccc(Cl)cc3)ccc2c2ccc(-c3ccc(Cl)cc3)cc21,14.14875,15.1,16.1,8,1,0,1,1,0,1,1,1,0,0,0,1,0,5,5,1,1,3,0,35,524.3840000000001,8.393200000000004,62.46,1,2,0.14285714285714285,*CCCCP(=O)(O)O|*c1ccc(Cl)cc1|*c1ccc2c3ccc(*)cc3n(*)c2c1,middle
O=P(O)(O)CCCCn1c2cc(-c3ccc4ccccc4c3)ccc2c2ccc(-c3ccc4ccccc4c3)cc21,N2-PACz,O=P(O)(O)CCCCn1c2cc(-c3ccc4ccccc4c3)ccc2c2ccc(-c3ccc4ccccc4c3)cc21,19.0,19.0,19.0,1,1,0,1,1,0,1,1,1,0,0,0,0,0,7,7,1,1,3,0,41,555.6140000000001,9.392799999999998,62.46,1,2,0.1111111111111111,*CCCCP(=O)(O)O|*c1ccc2c3ccc(*)cc3n(*)c2c1|*c1ccc2ccccc2c1,high
O=P(O)(O)CCCCn1c2cc(-c3cccc(Cl)c3)ccc2c2ccc(-c3cccc(Cl)c3)cc21,mCl-ph,O=P(O)(O)CCCCn1c2cc(-c3cccc(Cl)c3)ccc2c2ccc(-c3cccc(Cl)c3)cc21,17.6625,18.6,19.6,8,1,0,1,1,0,1,1,1,0,0,0,1,0,5,5,1,1,3,0,35,524.3840000000001,8.393200000000004,62.46,1,2,0.14285714285714285,*CCCCP(=O)(O)O|*c1ccc2c3ccc(*)cc3n(*)c2c1|*c1cccc(Cl)c1,middle
O=P(O)(O)CCCCn1c2cc(-c3cccc4ccccc34)ccc2c2ccc(-c3cccc4ccccc34)cc21,N1-PACz,O=P(O)(O)CCCCn1c2cc(-c3cccc4ccccc34)ccc2c2ccc(-c3cccc4ccccc34)cc21,20.0,20.0,20.0,1,1,0,1,1,0,1,1,1,0,0,0,0,0,7,7,1,1,3,0,41,555.6140000000001,9.392799999999998,62.46,1,2,0.1111111111111111,*CCCCP(=O)(O)O|*c1ccc2c3ccc(*)cc3n(*)c2c1|*c1cccc2ccccc12,high
O=P(O)(O)CCCCn1c2cc(-c3ccccc3)ccc2c2ccc(-c3ccccc3)cc21,JJ36,O=P(O)(O)CCCCn1c2cc(-c3ccccc3)ccc2c2ccc(-c3ccccc3)cc21,16.990000000000002,17.91,19.22,13,1,0,1,1,0,1,1,1,0,0,0,0,0,5,5,1,1,3,0,33,455.4940000000002,7.0864000000000065,62.46,1,2,0.14285714285714285,*CCCCP(=O)(O)O|*c1ccc2c3ccc(*)cc3n(*)c2c1|*c1ccccc1,middle
O=P(O)(O)CCCCn1c2cc(-c3ccsc3)ccc2c2ccc(-c3ccsc3)cc21,4PAThCz,O=P(O)(O)CCCCn1c2cc(-c3ccsc3)ccc2c2ccc(-c3ccsc3)cc21,20.285,20.285,20.78,2,1,0,1,1,1,1,1,1,0,0,0,0,0,5,5,1,1,3,0,31,467.5520000000002,7.209400000000006,62.46,3,2,0.16666666666666666,*CCCCP(=O)(O)O|*c1ccc2c3ccc(*)cc3n(*)c2c1|*c1ccsc1,high
O=P(O)(O)CCCCn1c2cc(Br)c3ccccc3c2c2c3ccccc3c(Br)cc21,JJ25,OP(O)(=O)CCCCN1C2=C(C3=CC=CC=C3C(Br)=C2)C2=C1C=C(Br)C1=CC=CC=C12,16.35857142857143,17.87,19.05,7,1,0,1,1,0,1,1,1,0,0,0,0,1,5,5,1,1,3,0,31,561.2100000000003,7.583800000000005,62.46,1,2,0.16666666666666666,*CCCCP(=O)(O)O|*n1c2cc(Br)c3ccccc3c2c2c3ccccc3c(Br)cc21,middle
O=P(O)(O)CCCCn1c2cc3c(cc2F)c2cc4c(c-3c(c3c2ccc2c3c3ccccc3n2CCCCP(=O)(O)O)n4CCCCP(=O)(O)O)c2ccccc21,3-BPIC,O=P(O)(O)CCCCN1c2cc3c(cc2F)c2c4c(c5c(n(c6ccccc65)CCCCP(=O)(O)O)cc4)c4c3c(c3ccccc31)c(n4CCCCP(=O)(O)O)c2,16.439999999999998,16.439999999999998,19.34,2,1,0,1,1,0,1,1,1,0,0,1,0,0,10,7,3,3,9,1,58,845.7380000000003,9.71889999999999,187.38,3,6,0.2857142857142857,*CCCCP(=O)(O)O|*n1c2cc3c(cc2F)c2cc4c(c-3c(c3c2ccc2c3c3ccccc3n2*)n4*)c2ccccc21,middle
O=P(O)(O)CCCCn1c2cc3ccccc3cc2c2cc3ccccc3cc21,4DBCP,O=P(O)(O)CCCCn1c2cc3ccccc3cc2c2cc3ccccc3cc21,19.0,19.0,19.0,1,1,0,1,1,0,1,1,1,0,0,0,0,0,5,5,1,1,3,0,29,403.4180000000002,6.058800000000005,62.46,1,2,0.16666666666666666,*CCCCP(=O)(O)O|*n1c2cc3ccccc3cc2c2cc3ccccc3cc21,high
O=P(O)(O)CCCCn1c2ccc(-c3ccccc3)cc2c2cc(-c3ccccc3)ccc21,Cbz-2Ph,O=P(O)(O)CCCCn1c2ccc(-c3ccccc3)cc2c2cc(-c3ccccc3)ccc21,18.58818181818182,18.825,20.3,22,1,0,1,1,0,1,1,1,0,0,0,0,0,5,5,1,1,3,0,33,455.4940000000002,7.0864000000000065,62.46,1,2,0.14285714285714285,*CCCCP(=O)(O)O|*c1ccc2c(c1)c1cc(*)ccc1n2*|*c1ccccc1,high
O=P(O)(O)CCCCn1c2ccc(Br)cc2c2c3ccccc3ccc21,BCBBr-C4PA,OP(CCCCN1C2=C(C(C=CC=C3)=C3C=C2)C4=C1C=CC(Br)=C4)(O)=O,17.3575,17.130000000000003,18.84,4,1,0,1,1,0,1,1,1,0,0,0,0,1,4,4,1,1,3,0,26,432.2540000000002,5.668100000000004,62.46,1,2,0.2,*CCCCP(=O)(O)O|*n1c2ccc(Br)cc2c2c3ccccc3ccc21,middle
O=P(O)(O)CCCCn1c2ccc(Br)cc2c2cc(Br)ccc21,DB-Br,O=P(O)(O)CCCCn1c2ccc(Br)cc2c2cc(Br)ccc21,17.62,17.62,18.19,2,1,0,1,1,0,1,1,1,0,0,0,0,1,3,3,1,1,3,0,23,461.09000000000015,5.277400000000003,62.46,1,2,0.25,*CCCCP(=O)(O)O|*n1c2ccc(Br)cc2c2cc(Br)ccc21,middle
O=P(O)(O)CCCCn1c2ccc(Br)cc2c2ccc(Br)cc21,Cz-Br-4,O=P(O)(O)CCCCn1c2ccc(Br)cc2c2ccc(Br)cc21,15.4,15.4,15.4,1,1,0,1,1,0,1,1,1,0,0,0,0,1,3,3,1,1,3,0,23,461.09000000000015,5.277400000000003,62.46,1,2,0.25,*CCCCP(=O)(O)O|*n1c2ccc(Br)cc2c2ccc(Br)cc21,middle
O=P(O)(O)CCCCn1c2ccc(Br)cc2c2ccc3ccccc3c21,BrBACz,O=P(O)(O)CCCCn1c2ccc(Br)cc2c2ccc3ccccc3c21,19.215,19.275,19.7,4,1,0,1,1,0,1,1,1,0,0,0,0,1,4,4,1,1,3,0,26,432.2540000000002,5.668100000000004,62.46,1,2,0.2,*CCCCP(=O)(O)O|*n1c2ccc(Br)cc2c2ccc3ccccc3c21,high
O=P(O)(O)CCCCn1c2ccc(Cl)cc2c2cc(Cl)ccc21,2Cl-4PACz,O=P(O)(O)CCCCn1c2ccc(Cl)cc2c2cc(Cl)ccc21,14.719999999999999,15.2,15.21,3,1,0,1,1,0,1,1,1,0,0,0,1,0,3,3,1,1,3,0,23,372.18800000000016,5.059200000000003,62.46,1,2,0.25,*CCCCP(=O)(O)O|*n1c2ccc(Cl)cc2c2cc(Cl)ccc21,middle
O=P(O)(O)CCCCn1c2ccc(Cl)cc2c2ccc(Cl)cc21,Cz-Cl-4,O=P(O)(O)CCCCn1c2ccc(Cl)cc2c2ccc(Cl)cc21,14.3,14.3,14.3,1,1,0,1,1,0,1,1,1,0,0,0,1,0,3,3,1,1,3,0,23,372.18800000000016,5.059200000000003,62.46,1,2,0.25,*CCCCP(=O)(O)O|*n1c2ccc(Cl)cc2c2ccc(Cl)cc21,middle
O=P(O)(O)CCCCn1c2ccc(F)cc2c2ccc(F)cc21,F-4PACz,O=P(O)(O)CCCCn1c2ccc(F)cc2c2ccc(F)cc21,14.116666666666667,14.21,15.08,6,1,0,1,1,0,1,1,1,0,0,1,0,0,3,3,1,1,3,2,23,339.2780000000001,4.030600000000002,62.46,1,2,0.25,*CCCCP(=O)(O)O|*n1c2ccc(F)cc2c2ccc(F)cc21,middle
O=P(O)(O)CCCCn1c2ccc(I)cc2c2ccc(I)cc21,Cz-I-4,O=P(O)(O)CCCCn1c2ccc(I)cc2c2ccc(I)cc21,16.0,16.0,16.0,1,1,0,1,1,0,1,1,1,0,0,0,0,0,3,3,1,1,3,0,23,555.0900000000001,4.961600000000003,62.46,1,2,0.25,*CCCCP(=O)(O)O|*n1c2ccc(I)cc2c2ccc(I)cc21,middle
O=P(O)(O)CCCCn1c2ccc3cc(Br)ccc3c2c2c3ccc(Br)cc3ccc21,JJ26,BrC1=CC=C2C3=C(N(CCCCP(O)(O)=O)C4=C3C5=CC=C(Br)C=C5C=C4)C=CC2=C1,19.05,19.27,19.35,3,1,0,1,1,0,1,1,1,0,0,0,0,1,5,5,1,1,3,0,31,561.2100000000002,7.583800000000005,62.46,1,2,0.16666666666666666,*CCCCP(=O)(O)O|*n1c2ccc3cc(Br)ccc3c2c2c3ccc(Br)cc3ccc21,high
O=P(O)(O)CCCCn1c2ccc3ccccc3c2c2c3ccccc3ccc21,4PADCB,C1=CC=C2C(=C1)C=CC3=C2C4=C(N3CCCCP(=O)(O)O)C=CC5=CC=CC=C54,17.547222222222224,17.375,19.5,18,1,0,1,1,0,1,1,1,0,0,0,0,0,5,5,1,1,3,0,29,403.4180000000002,6.058800000000005,62.46,1,2,0.16666666666666666,*CCCCP(=O)(O)O|*n1c2ccc3ccccc3c2c2c3ccccc3ccc21,middle
O=P(O)(O)CCCCn1c2ccccc2c2cc(-c3ccccc3)ccc21,P-4PACz,O=P(O)(O)CCCCn1c2ccccc2c2cc(-c3ccccc3)ccc21,18.114,18.16,20.3,5,1,0,1,1,0,1,1,1,0,0,0,0,0,4,4,1,1,3,0,27,379.39600000000013,5.419400000000005,62.46,1,2,0.18181818181818182,*CCCCP(=O)(O)O|*c1ccc2c(c1)c1ccccc1n2*|*c1ccccc1,middle
O=P(O)(O)CCCCn1c2ccccc2c2cc3ccccc3cc21,4BCP,O=P(O)(O)CCCCn1c2ccccc2c2cc3ccccc3cc21,18.54,19.1,19.7,5,1,0,1,1,0,1,1,1,0,0,0,0,0,4,4,1,1,3,0,25,353.3580000000001,4.905600000000004,62.46,1,2,0.2,*CCCCP(=O)(O)O|*n1c2ccccc2c2cc3ccccc3cc21,high
O=P(O)(O)CCCCn1c2ccccc2c2ccc(-c3csc(Br)c3)cc21,ThBr-4PACz,O=P(O)(O)CCCCn1c2ccccc2c2ccc(-c3csc(Br)c3)cc21,19.5,19.5,19.5,1,1,0,1,1,1,1,1,1,0,0,0,0,1,4,4,1,1,3,0,27,464.32100000000014,6.243400000000005,62.46,2,2,0.2,*CCCCP(=O)(O)O|*c1ccc2c3ccccc3n(*)c2c1|*c1csc(Br)c1,high
O=P(O)(O)CCCCn1c2ccccc2c2ccc(Br)cc21,2-Br-4PACz,O=P(O)(O)CCCCn1c2ccccc2c2ccc(Br)cc21,18.56,18.56,18.56,1,1,0,1,1,0,1,1,1,0,0,0,0,1,3,3,1,1,3,0,22,382.1940000000001,4.5149000000000035,62.46,1,2,0.25,*CCCCP(=O)(O)O|*n1c2ccccc2c2ccc(Br)cc21,high
O=P(O)(O)CCCCn1c2ccccc2c2ccccc21,4PACz,O=P(O)(O)CCCCn1c2ccccc2c2ccccc21,16.703,16.35,18.4,10,1,0,1,1,0,1,1,1,0,0,0,0,0,3,3,1,1,3,0,21,303.29800000000006,3.7524000000000024,62.46,1,2,0.25,*CCCCP(=O)(O)O|*n1c2ccccc2c2ccccc21,middle
O=P(O)(O)CCCn1c2cc3ccccc3cc2c2cc3ccccc3cc21,3DBCP,O=P(O)(O)CCCn1c2cc3ccccc3cc2c2cc3ccccc3cc21,18.0,18.0,18.0,1,1,0,1,1,0,1,1,0,0,0,0,0,0,5,5,1,1,3,0,28,389.39100000000013,5.668700000000005,62.46,1,2,0.13043478260869565,*CCCP(=O)(O)O|*n1c2cc3ccccc3cc2c2cc3ccccc3cc21,middle
O=P(O)(O)CCCn1c2ccc(-c3ccccc3)cc2c2cc(-c3ccccc3)ccc21,Ph-3PACz,O=P(O)(O)CCCn1c2ccc(-c3ccccc3)cc2c2cc(-c3ccccc3)ccc21,18.46666666666667,18.6,19.2,3,1,0,1,1,0,1,1,0,0,0,0,0,0,5,5,1,1,3,0,32,441.46700000000016,6.696300000000005,62.46,1,2,0.1111111111111111,*CCCP(=O)(O)O|*c1ccc2c(c1)c1cc(*)ccc1n2*|*c1ccccc1,high
O=P(O)(O)CCCn1c2ccc(Cl)cc2c2cc(Cl)ccc21,2Cl-3PACz,O=P(O)(O)CCCn1c2ccc(Cl)cc2c2cc(Cl)ccc21,15.363333333333335,15.43,16.61,3,1,0,1,1,0,1,1,0,0,0,0,1,0,3,3,1,1,3,0,22,358.1610000000001,4.669100000000003,62.46,1,2,0.2,*CCCP(=O)(O)O|*n1c2ccc(Cl)cc2c2cc(Cl)ccc21,middle
O=P(O)(O)CCCn1c2ccc(F)cc2c2ccc3c4cc(F)ccc4n(CCCP(=O)(O)O)c3c21,3-BPIC-F,O=P(O)(O)CCCn1c2ccc(F)cc2c2ccc3c4cc(F)ccc4n(CCCP(=O)(O)O)c3c21,18.65,18.675,19.71,8,1,0,1,1,0,1,1,0,0,0,1,0,0,5,5,2,2,6,2,36,536.4080000000002,5.316200000000006,124.92000000000002,2,4,0.25,*CCCP(=O)(O)O|*n1c2ccc(F)cc2c2ccc3c4cc(F)ccc4n(*)c3c21,high
O=P(O)(O)CCCn1c2ccc(I)cc2c2ccc(I)cc21,Cz-I-3,O=P(O)(O)CCCn1c2ccc(I)cc2c2ccc(I)cc21,17.3,17.3,17.3,1,1,0,1,1,0,1,1,0,0,0,0,0,0,3,3,1,1,3,0,22,541.0630000000001,4.571500000000003,62.46,1,2,0.2,*CCCP(=O)(O)O|*n1c2ccc(I)cc2c2ccc(I)cc21,middle
O=P(O)(O)CCCn1c2ccc3ccccc3c2c2c3ccccc3ccc21,Bz-3PACz,O=P(O)(O)CCCn1c2ccc3ccccc3c2c2c3ccccc3ccc21,18.4,18.4,18.4,1,1,0,1,1,0,1,1,0,0,0,0,0,0,5,5,1,1,3,0,28,389.39100000000013,5.668700000000005,62.46,1,2,0.13043478260869565,*CCCP(=O)(O)O|*n1c2ccc3ccccc3c2c2c3ccccc3ccc21,high
O=P(O)(O)CCCn1c2ccccc2c2cc3c(cc21)c1ccccc1n3CCCP(=O)(O)O,3-BPIC(i),O=P(O)(O)CCCn1c2ccccc2c2cc3c(cc21)c1ccccc1n3CCCP(=O)(O)O,13.54,13.54,13.54,1,1,0,1,1,0,1,1,0,0,0,0,0,0,5,5,2,2,6,0,34,500.4280000000003,5.038000000000006,124.92000000000002,2,4,0.25,*CCCP(=O)(O)O|*n1c2ccccc2c2cc3c(cc21)c1ccccc1n3*,middle
O=P(O)(O)CCCn1c2ccccc2c2cc3c4ccccc4n(-c4ccccc4)c3cc21,Ph-DIBCz,O=P(O)(O)CCCn1c2ccccc2c2cc3c4ccccc4n(-c4ccccc4)c3cc21,18.226666666666663,18.7,18.74,3,1,0,1,1,0,1,1,0,0,0,0,0,0,6,6,1,2,3,0,33,454.4660000000002,6.459400000000005,67.39,1,2,0.1111111111111111,*CCCP(=O)(O)O|*c1ccccc1|*n1c2ccccc2c2cc3c4ccccc4n(*)c3cc21,middle
O=P(O)(O)CCCn1c2ccccc2c2cc3ccccc3cc21,3BCP,O=P(O)(O)CCCn1c2ccccc2c2cc3ccccc3cc21,19.2,19.2,19.2,1,1,0,1,1,0,1,1,0,0,0,0,0,0,4,4,1,1,3,0,24,339.3310000000001,4.515500000000003,62.46,1,2,0.15789473684210525,*CCCP(=O)(O)O|*n1c2ccccc2c2cc3ccccc3cc21,high
O=P(O)(O)CCCn1c2ccccc2c2ccc3c4ccccc4n(-c4ccccc4)c3c21,Ph-DIACz,O=P(O)(O)CCCn1c2ccccc2c2ccc3c4ccccc4n(-c4ccccc4)c3c21,19.396666666666665,19.57,20.14,3,1,0,1,1,0,1,1,0,0,0,0,0,0,6,6,1,2,3,0,33,454.4660000000002,6.459400000000005,67.39,1,2,0.1111111111111111,*CCCP(=O)(O)O|*c1ccccc1|*n1c2ccccc2c2ccc3c4ccccc4n(*)c3c21,high
O=P(O)(O)CCCn1c2ccccc2c2ccccc21,3PACz,C1=CC=C2C(=C1)C3=CC=CC=C3N2CCCP(=O)(O)O,16.7,16.85,17.0,4,1,0,1,1,0,1,1,0,0,0,0,0,0,3,3,1,1,3,0,20,289.271,3.362300000000002,62.46,1,2,0.2,*CCCP(=O)(O)O|*n1c2ccccc2c2ccccc21,middle
O=P(O)(O)CCN1c2ccc(Br)cc2Oc2cc(Br)ccc21,Br-2EPO,O=P(O)(O)CCN1c2ccc(Br)cc2Oc2cc(Br)ccc21,17.21,17.21,17.21,1,1,0,0,1,0,1,0,0,0,0,0,0,1,3,2,1,1,4,0,22,449.03500000000014,4.633100000000002,70.0,3,2,0.14285714285714285,*CCP(=O)(O)O|*N1c2ccc(Br)cc2Oc2cc(Br)ccc21,middle
O=P(O)(O)CCN1c2ccc(Br)cc2Sc2cc(Br)ccc21,Br-2EPT,O=P(O)(O)CCN1c2ccc(Br)cc2Sc2cc(Br)ccc21,17.46,17.46,17.46,1,1,0,0,1,0,1,0,0,0,0,0,0,1,3,2,1,1,3,0,22,465.1030000000001,4.992000000000002,60.77,3,2,0.14285714285714285,*CCP(=O)(O)O|*N1c2ccc(Br)cc2Sc2cc(Br)ccc21,middle
O=P(O)(O)CCN1c2ccc(Br)cc2[Se]c2cc(Br)ccc21,Br-2EPSe,O=P(O)(O)CCN1c2ccc(Br)cc2[Se]c2cc(Br)ccc21,18.16,18.16,18.41,2,1,0,0,1,0,1,0,0,0,0,0,0,1,3,2,1,1,3,0,22,511.9960000000001,2.4958,60.77,2,2,0.14285714285714285,*CCP(=O)(O)O|*N1c2ccc(Br)cc2[Se]c2cc(Br)ccc21,middle
O=P(O)(O)CCn1c2c(Cl)cc(Cl)cc2c2cc(Cl)cc(Cl)c21,4Cl-PACz,O=P(O)(O)CCn1c2c(Cl)cc(Cl)cc2c2cc(Cl)cc(Cl)c21,17.5,17.5,18.2,4,1,0,1,1,0,1,0,0,0,0,0,1,0,3,3,1,1,3,0,23,413.02400000000017,5.5858000000000025,62.46,1,2,0.14285714285714285,*CCP(=O)(O)O|*n1c2c(Cl)cc(Cl)cc2c2cc(Cl)cc(Cl)c21,middle
O=P(O)(O)CCn1c2cc(-c3ccc(F)cc3)ccc2c2ccc(-c3ccc(F)cc3)cc21,BPC-F,O=P(O)(O)CCn1c2cc(-c3ccc(F)cc3)ccc2c2ccc(-c3ccc(F)cc3)cc21,13.7,13.7,14.5,2,1,0,1,1,0,1,0,0,0,0,1,0,0,5,5,1,1,3,2,33,463.4200000000002,6.584400000000005,62.46,1,2,0.07692307692307693,*CCP(=O)(O)O|*c1ccc(F)cc1|*c1ccc2c3ccc(*)cc3n(*)c2c1,middle
O=P(O)(O)CCn1c2cc(-c3ccccc3)ccc2c2ccc(-c3ccccc3)cc21,Ph-2PACz,O=P(O)(O)CCn1c2cc(-c3ccccc3)ccc2c2ccc(-c3ccccc3)cc21,18.38,18.5,18.54,3,1,0,1,1,0,1,0,0,0,0,0,0,0,5,5,1,1,3,0,31,427.44000000000017,6.306200000000005,62.46,1,2,0.07692307692307693,*CCP(=O)(O)O|*c1ccc2c3ccc(*)cc3n(*)c2c1|*c1ccccc1,middle
O=P(O)(O)CCn1c2cc(-c3ccsc3)ccc2c2ccc(-c3ccsc3)cc21,2PAThCz,O=P(O)(O)CCn1c2cc(-c3ccsc3)ccc2c2ccc(-c3ccsc3)cc21,19.895,19.895,20.27,2,1,0,1,1,1,1,0,0,0,0,0,0,0,5,5,1,1,3,0,29,439.49800000000016,6.429200000000005,62.46,3,2,0.09090909090909091,*CCP(=O)(O)O|*c1ccc2c3ccc(*)cc3n(*)c2c1|*c1ccsc1,high
O=P(O)(O)CCn1c2cc(Br)ccc2c2ccc(Br)cc21,"2,7-diBr-2PACz",O=P(O)(O)CCn1c2cc(Br)ccc2c2ccc(Br)cc21,17.345555555555553,17.575,19.1,18,1,0,1,1,0,1,0,0,0,0,0,0,1,3,3,1,1,3,0,21,433.0360000000001,4.497200000000002,62.46,1,2,0.14285714285714285,*CCP(=O)(O)O|*n1c2cc(Br)ccc2c2ccc(Br)cc21,middle
O=P(O)(O)CCn1c2cc(Cl)ccc2c2ccc(Cl)cc21,"2,7-diCl-2PACz",O=P(O)(O)CCn1c2cc(Cl)ccc2c2ccc(Cl)cc21,15.225,15.7,18.9,4,1,0,1,1,0,1,0,0,0,0,0,1,0,3,3,1,1,3,0,21,344.13400000000007,4.279000000000002,62.46,1,2,0.14285714285714285,*CCP(=O)(O)O|*n1c2cc(Cl)ccc2c2ccc(Cl)cc21,middle
O=P(O)(O)CCn1c2cc(F)ccc2c2ccc(F)cc21,F-2PACz,O=P(O)(O)CCn1c2cc(F)ccc2c2ccc(F)cc21,17.7,17.7,17.7,1,1,0,1,1,0,1,0,0,0,0,1,0,0,3,3,1,1,3,2,21,311.22400000000005,3.2504000000000017,62.46,1,2,0.14285714285714285,*CCP(=O)(O)O|*n1c2cc(F)ccc2c2ccc(F)cc21,middle
O=P(O)(O)CCn1c2cc(I)ccc2c2ccc(I)cc21,I-2PACz,O=P(O)(O)CCn1c2cc(I)ccc2c2ccc(I)cc21,18.2,18.2,18.2,1,1,0,1,1,0,1,0,0,0,0,0,0,0,3,3,1,1,3,0,21,527.0360000000001,4.181400000000002,62.46,1,2,0.14285714285714285,*CCP(=O)(O)O|*n1c2cc(I)ccc2c2ccc(I)cc21,middle
O=P(O)(O)CCn1c2ccc(-c3ccccc3)cc2c2cc(-c3ccccc3)ccc21,Ph-Cz,O=P(O)(O)CCn1c2ccc(-c3ccccc3)cc2c2cc(-c3ccccc3)ccc21,18.51,18.51,18.51,1,1,0,1,1,0,1,0,0,0,0,0,0,0,5,5,1,1,3,0,31,427.44000000000017,6.306200000000005,62.46,1,2,0.07692307692307693,*CCP(=O)(O)O|*c1ccc2c(c1)c1cc(*)ccc1n2*|*c1ccccc1,high
O=P(O)(O)CCn1c2ccc(-c3cccs3)cc2c2cc(-c3cccs3)ccc21,Th-Cz,O=P(O)(O)CCn1c2ccc(-c3cccs3)cc2c2cc(-c3cccs3)ccc21,19.571428571428573,19.34,20.91,7,1,0,1,1,1,1,0,0,0,0,0,0,0,5,5,1,1,3,0,29,439.49800000000016,6.429200000000005,62.46,3,2,0.09090909090909091,*CCP(=O)(O)O|*c1ccc2c(c1)c1cc(*)ccc1n2*|*c1cccs1,high
O=P(O)(O)CCn1c2ccc(Br)cc2c2cc(Br)ccc21,Br-2PACz,O=P(O)(O)CCn1c2ccc(Br)cc2c2cc(Br)ccc21,17.725,18.125,19.9,16,1,0,1,1,0,1,0,0,0,0,0,0,1,3,3,1,1,3,0,21,433.0360000000001,4.497200000000002,62.46,1,2,0.14285714285714285,*CCP(=O)(O)O|*n1c2ccc(Br)cc2c2cc(Br)ccc21,middle
O=P(O)(O)CCn1c2ccc(Br)cc2c2ccc(Br)cc21,"2,6-diBr-2PACz",O=P(O)(O)CCn1c2ccc(Br)cc2c2ccc(Br)cc21,11.696666666666667,10.84,16.5,3,1,0,1,1,0,1,0,0,0,0,0,0,1,3,3,1,1,3,0,21,433.0360000000001,4.497200000000002,62.46,1,2,0.14285714285714285,*CCP(=O)(O)O|*n1c2ccc(Br)cc2c2ccc(Br)cc21,low
O=P(O)(O)CCn1c2ccc(Cl)cc2c2cc(Cl)ccc21,Cl-2PACz,ClC1=CC2=C(N(CCP(O)(O)=O)C3=C2C=C(Cl)C=C3)C=C1,18.234615384615385,18.21,18.91,13,1,0,1,1,0,1,0,0,0,0,0,1,0,3,3,1,1,3,0,21,344.13400000000007,4.279000000000002,62.46,1,2,0.14285714285714285,*CCP(=O)(O)O|*n1c2ccc(Cl)cc2c2cc(Cl)ccc21,middle
O=P(O)(O)CCn1c2ccc(Cl)cc2c2ccc(Cl)cc21,"2,6-diCl-2PACz",O=P(O)(O)CCn1c2ccc(Cl)cc2c2ccc(Cl)cc21,17.36,17.36,17.36,1,1,0,1,1,0,1,0,0,0,0,0,1,0,3,3,1,1,3,0,21,344.13400000000007,4.279000000000002,62.46,1,2,0.14285714285714285,*CCP(=O)(O)O|*n1c2ccc(Cl)cc2c2ccc(Cl)cc21,middle
O=P(O)(O)CCn1c2ccc(I)cc2c2ccc(I)cc21,Cz-I-2,O=P(O)(O)CCn1c2ccc(I)cc2c2ccc(I)cc21,17.85,17.85,18.1,2,1,0,1,1,0,1,0,0,0,0,0,0,0,3,3,1,1,3,0,21,527.0360000000001,4.181400000000002,62.46,1,2,0.14285714285714285,*CCP(=O)(O)O|*n1c2ccc(I)cc2c2ccc(I)cc21,middle
O=P(O)(O)CCn1c2cccc(Cl)c2c2c(Cl)cccc21,"4,5-Cl-2PACz",O=P(O)(O)CCn1c2cccc(Cl)c2c2c(Cl)cccc21,18.796666666666667,18.67,19.05,3,1,0,1,1,0,1,0,0,0,0,0,1,0,3,3,1,1,3,0,21,344.13400000000007,4.279000000000003,62.46,1,2,0.14285714285714285,*CCP(=O)(O)O|*n1c2cccc(Cl)c2c2c(Cl)cccc21,high
O=P(O)(O)CCn1c2ccccc2c2c3ccccc3ccc21,BZCz,O=P(O)(O)CCn1c2ccccc2c2c3ccccc3ccc21,18.7,18.7,18.7,1,1,0,1,1,0,1,0,0,0,0,0,0,0,4,4,1,1,3,0,23,325.3040000000001,4.125400000000003,62.46,1,2,0.1111111111111111,*CCP(=O)(O)O|*n1c2ccccc2c2c3ccccc3ccc21,high
O=P(O)(O)CCn1c2ccccc2c2cc(Br)ccc21,3-Br-2PACz,C1=CC2=C(C=C1Br)C3=C(N2CCP(=O)(O)O)C=CC=C3,17.333333333333332,17.67,19.35,6,1,0,1,1,0,1,0,0,0,0,0,0,1,3,3,1,1,3,0,20,354.14000000000004,3.734700000000002,62.46,1,2,0.14285714285714285,*CCP(=O)(O)O|*n1c2ccccc2c2cc(Br)ccc21,middle
O=P(O)(O)CCn1c2ccccc2c2cc(Cl)ccc21,1Cl-PACz,O=P(O)(O)CCn1c2ccccc2c2cc(Cl)ccc21,19.0,19.0,19.0,1,1,0,1,1,0,1,0,0,0,0,0,1,0,3,3,1,1,3,0,20,309.689,3.625600000000002,62.46,1,2,0.14285714285714285,*CCP(=O)(O)O|*n1c2ccccc2c2cc(Cl)ccc21,high
O=P(O)(O)CCn1c2ccccc2c2cc3c(cc21)c1ccccc1n3CCP(=O)(O)O,2PACz-D1,O=P(O)(O)CCn1c2ccccc2c2cc3c(cc21)c1ccccc1n3CCP(=O)(O)O,19.44,19.44,19.44,1,1,0,1,1,0,1,0,0,0,0,0,0,0,5,5,2,2,6,0,32,472.3740000000002,4.257800000000005,124.92000000000002,2,4,0.18181818181818182,*CCP(=O)(O)O|*n1c2ccccc2c2cc3c(cc21)c1ccccc1n3*,high
O=P(O)(O)CCn1c2ccccc2c2ccc(Br)cc21,2-Br-2PACz,O=P(O)(O)CCn1c2ccccc2c2ccc(Br)cc21,19.515,19.515,20.05,2,1,0,1,1,0,1,0,0,0,0,0,0,1,3,3,1,1,3,0,20,354.14000000000004,3.734700000000002,62.46,1,2,0.14285714285714285,*CCP(=O)(O)O|*n1c2ccccc2c2ccc(Br)cc21,high
O=P(O)(O)CCn1c2ccccc2c2ccc(C(F)(F)F)cc21,1CF3-2PACz,O=P(O)(O)CCn1c2ccccc2c2ccc(C(F)(F)F)cc21,17.39,17.39,17.39,1,1,0,1,1,0,1,0,0,0,0,1,0,0,3,3,1,1,3,3,23,343.24100000000004,3.9910000000000023,62.46,1,2,0.2,*C(F)(F)F|*CCP(=O)(O)O|*c1ccc2c3ccccc3n(*)c2c1,middle
O=P(O)(O)CCn1c2ccccc2c2ccc(Cl)cc21,1Cl-2PACz,O=P(O)(O)CCn1c2ccccc2c2ccc(Cl)cc21,19.575000000000003,19.575000000000003,20.12,2,1,0,1,1,0,1,0,0,0,0,0,1,0,3,3,1,1,3,0,20,309.689,3.625600000000002,62.46,1,2,0.14285714285714285,*CCP(=O)(O)O|*n1c2ccccc2c2ccc(Cl)cc21,high
O=P(O)(O)CCn1c2ccccc2c2ccc(F)cc21,1F-2PACz,O=P(O)(O)CCn1c2ccccc2c2ccc(F)cc21,17.62,17.62,17.62,1,1,0,1,1,0,1,0,0,0,0,1,0,0,3,3,1,1,3,1,20,293.23400000000004,3.111300000000001,62.46,1,2,0.14285714285714285,*CCP(=O)(O)O|*n1c2ccccc2c2ccc(F)cc21,middle
O=P(O)(O)CCn1c2ccccc2c2ccc(I)cc21,1I-2PACz,O=P(O)(O)CCn1c2ccccc2c2ccc(I)cc21,18.72,18.72,18.72,1,1,0,1,1,0,1,0,0,0,0,0,0,0,3,3,1,1,3,0,20,401.14000000000004,3.576800000000002,62.46,1,2,0.14285714285714285,*CCP(=O)(O)O|*n1c2ccccc2c2ccc(I)cc21,high
O=P(O)(O)CCn1c2ccccc2c2ccccc21,2PACz,O=P(O)(O)CCn1c2ccccc2c2ccccc21,16.55982142857143,16.8,20.31,112,1,0,1,1,0,1,0,0,0,0,0,0,0,3,3,1,1,3,0,19,275.244,2.972200000000001,62.46,1,2,0.14285714285714285,*CCP(=O)(O)O|*n1c2ccccc2c2ccccc21,middle
O=P(O)(O)Cc1c(F)c(F)c(F)c(F)c1F,F5BnPA,O=P(O)(O)Cc1c(F)c(F)c(F)c(F)c1F,12.166666666666666,15.0,17.8,3,1,0,0,1,0,0,0,0,0,0,1,0,0,1,1,1,0,3,5,16,262.06999999999994,2.0597999999999996,57.53,1,2,0.14285714285714285,*CP(=O)(O)O|*c1c(F)c(F)c(F)c(F)c1F,low
O=P(O)(O)Cc1ccc(C(F)(F)F)cc1,3FMBPA,O=P(O)(O)Cc1ccc(C(F)(F)F)cc1,3.82,3.82,3.82,1,1,0,0,1,0,0,0,0,0,0,1,0,0,1,1,1,0,3,3,15,240.11699999999996,2.3831000000000007,57.53,1,2,0.25,*C(F)(F)F|*CP(=O)(O)O|*c1ccc(*)cc1,low
O=P(O)(O)Cc1ccccc1,BnPA,O=P(O)(O)Cc1ccccc1,16.15,16.15,17.4,2,1,0,0,1,0,0,0,0,0,0,0,0,0,1,1,1,0,3,0,11,172.12,1.3642999999999998,57.53,1,2,0.14285714285714285,*CP(=O)(O)O|*c1ccccc1,middle
O=P(O)(O)c1ccc(-n2c3cc(-c4ccccc4)ccc3c3ccc(-c4ccccc4)cc32)cc1,JJ37,O=P(O)(O)c1ccc(-n2c3cc(-c4ccccc4)ccc3c3ccc(-c4ccccc4)cc32)cc1,15.678,17.0,19.7,5,1,0,1,1,0,0,0,0,0,0,0,0,0,6,6,1,1,3,0,35,475.48400000000015,6.920700000000005,62.46,1,2,0.0,*c1ccc(P(=O)(O)O)cc1|*c1ccc2c3ccc(*)cc3n(*)c2c1|*c1ccccc1,middle
O=P(O)(O)c1ccc(-n2c3cc4ccccc4cc3c3c4ccccc4ccc32)cc1,pPhPADCB,O=P(O)(O)c1ccc(-n2c3cc4ccccc4cc3c3c4ccccc4ccc32)cc1,17.4425,18.35,19.47,4,1,0,1,1,0,0,0,0,0,0,0,0,0,6,6,1,1,3,0,31,423.40800000000013,5.893100000000004,62.46,1,2,0.0,*c1ccc(P(=O)(O)O)cc1|*n1c2cc3ccccc3cc2c2c3ccccc3ccc21,middle
O=P(O)(O)c1ccc(-n2c3ccccc3c3ccccc32)cc1,p-PhACz,O=P(O)(O)c1ccc(-n2c3ccccc3c3ccccc32)cc1,18.3,18.3,18.3,1,1,0,1,1,0,0,0,0,0,0,0,0,0,4,4,1,1,3,0,23,323.288,3.586700000000002,62.46,1,2,0.0,*c1ccc(P(=O)(O)O)cc1|*n1c2ccccc2c2ccccc21,middle
O=P(O)(O)c1ccc(Br)cc1,BPA,O=P(O)(O)c1ccc(Br)cc1,2.7,2.7,2.7,1,1,0,0,1,0,0,0,0,0,0,0,0,1,1,1,1,0,3,0,11,236.98899999999998,1.2520999999999998,57.53,1,2,0.0,O=P(O)(O)c1ccc(Br)cc1,low
O=P(O)(O)c1ccc(Cl)cc1,CPA,O=P(O)(O)c1ccc(Cl)cc1,2.6,2.6,2.6,1,1,0,0,1,0,0,0,0,0,0,0,1,0,1,1,1,0,3,0,11,192.53799999999998,1.1429999999999996,57.53,1,2,0.0,O=P(O)(O)c1ccc(Cl)cc1,low
O=P(O)(O)c1ccc(N(c2ccccc2)c2ccccc2)cc1,p-DPAPCz,O=P(O)(O)c1ccc(N(c2ccccc2)c2ccccc2)cc1,17.38,17.38,17.38,1,1,0,0,1,0,0,0,0,0,0,0,0,0,3,3,1,1,3,0,23,325.30400000000003,3.959400000000003,60.77,2,2,0.0,*N(*)*|*c1ccc(P(=O)(O)O)cc1|*c1ccccc1,middle
O=P(O)(O)c1cccc(-n2c3ccccc3c3ccccc32)c1,m-PhACz,O=P(O)(O)c1cccc(-n2c3ccccc3c3ccccc32)c1,19.44,19.44,19.44,1,1,0,1,1,0,0,0,0,0,0,0,0,0,4,4,1,1,3,0,23,323.288,3.586700000000002,62.46,1,2,0.0,*c1cccc(P(=O)(O)O)c1|*n1c2ccccc2c2ccccc21,high
O=P(O)(O)c1ccccc1,PPA,O=P(O)(O)c1ccccc1,1.64,1.64,1.64,1,1,0,0,1,0,0,0,0,0,0,0,0,0,1,1,1,0,3,0,10,158.093,0.4895999999999999,57.53,1,2,0.0,O=P(O)(O)c1ccccc1,low
O=S(=O)(Cl)c1ccc(Cl)cc1,CBSC,O=S(=O)(Cl)c1ccc(Cl)cc1,8.95,8.95,9.1,2,0,0,0,1,0,0,0,0,0,0,0,1,0,1,1,0,0,2,0,11,211.06900000000002,2.2675,34.14,2,0,0.0,O=S(=O)(Cl)c1ccc(Cl)cc1,low
O=S(=O)(O)c1ccc(Cl)cc1,CBSA,O=S(=O)(O)c1ccc(Cl)cc1,8.211111111111112,8.1,9.2,9,0,0,0,1,0,0,0,0,0,0,0,1,0,1,1,0,0,3,0,11,192.623,1.5867000000000002,54.370000000000005,2,1,0.0,O=S(=O)(O)c1ccc(Cl)cc1,low
