candidate_name,core,spacer,anchor,substituent,design_family,smiles,canonical_smiles,valid_smiles,candidate_id
carbazole_C2_H,carbazole,C2,phosphonic acid,H,PACz-like parent,O=P(O)(O)CCn1c2ccccc2c2ccccc21,O=P(O)(O)CCn1c2ccccc2c2ccccc21,True,VSAM-0001
carbazole_C2_mono-F-A,carbazole,C2,phosphonic acid,mono-F-A,halogenated carbazole,O=P(O)(O)CCn1c2ccc(F)cc2c2ccccc21,O=P(O)(O)CCn1c2ccccc2c2cc(F)ccc21,True,VSAM-0002
carbazole_C2_mono-F-B,carbazole,C2,phosphonic acid,mono-F-B,halogenated carbazole,O=P(O)(O)CCn1c2ccccc2c2ccc(F)cc21,O=P(O)(O)CCn1c2ccccc2c2ccc(F)cc21,True,VSAM-0003
carbazole_C2_di-F,carbazole,C2,phosphonic acid,di-F,halogenated carbazole,O=P(O)(O)CCn1c2ccc(F)cc2c2cc(F)ccc21,O=P(O)(O)CCn1c2ccc(F)cc2c2cc(F)ccc21,True,VSAM-0004
carbazole_C2_mono-Cl-A,carbazole,C2,phosphonic acid,mono-Cl-A,halogenated carbazole,O=P(O)(O)CCn1c2ccc(Cl)cc2c2ccccc21,O=P(O)(O)CCn1c2ccccc2c2cc(Cl)ccc21,True,VSAM-0005
carbazole_C2_mono-Cl-B,carbazole,C2,phosphonic acid,mono-Cl-B,halogenated carbazole,O=P(O)(O)CCn1c2ccccc2c2ccc(Cl)cc21,O=P(O)(O)CCn1c2ccccc2c2ccc(Cl)cc21,True,VSAM-0006
carbazole_C2_di-Cl,carbazole,C2,phosphonic acid,di-Cl,halogenated carbazole,O=P(O)(O)CCn1c2ccc(Cl)cc2c2cc(Cl)ccc21,O=P(O)(O)CCn1c2ccc(Cl)cc2c2cc(Cl)ccc21,True,VSAM-0007
carbazole_C2_mono-Br-A,carbazole,C2,phosphonic acid,mono-Br-A,halogenated carbazole,O=P(O)(O)CCn1c2ccc(Br)cc2c2ccccc21,O=P(O)(O)CCn1c2ccccc2c2cc(Br)ccc21,True,VSAM-0008
carbazole_C2_mono-Br-B,carbazole,C2,phosphonic acid,mono-Br-B,halogenated carbazole,O=P(O)(O)CCn1c2ccccc2c2ccc(Br)cc21,O=P(O)(O)CCn1c2ccccc2c2ccc(Br)cc21,True,VSAM-0009
carbazole_C2_di-Br,carbazole,C2,phosphonic acid,di-Br,halogenated carbazole,O=P(O)(O)CCn1c2ccc(Br)cc2c2cc(Br)ccc21,O=P(O)(O)CCn1c2ccc(Br)cc2c2cc(Br)ccc21,True,VSAM-0010
carbazole_C2_mono-Me-A,carbazole,C2,phosphonic acid,mono-Me-A,alkylated carbazole,O=P(O)(O)CCn1c2ccc(C)cc2c2ccccc21,Cc1ccc2c(c1)c1ccccc1n2CCP(=O)(O)O,True,VSAM-0011
carbazole_C2_mono-Me-B,carbazole,C2,phosphonic acid,mono-Me-B,alkylated carbazole,O=P(O)(O)CCn1c2ccccc2c2ccc(C)cc21,Cc1ccc2c3ccccc3n(CCP(=O)(O)O)c2c1,True,VSAM-0012
carbazole_C2_di-Me,carbazole,C2,phosphonic acid,di-Me,alkylated carbazole,O=P(O)(O)CCn1c2ccc(C)cc2c2cc(C)ccc21,Cc1ccc2c(c1)c1cc(C)ccc1n2CCP(=O)(O)O,True,VSAM-0013
carbazole_C2_mono-OMe-A,carbazole,C2,phosphonic acid,mono-OMe-A,electron-rich carbazole,O=P(O)(O)CCn1c2ccc(OC)cc2c2ccccc21,COc1ccc2c(c1)c1ccccc1n2CCP(=O)(O)O,True,VSAM-0014
carbazole_C2_mono-OMe-B,carbazole,C2,phosphonic acid,mono-OMe-B,electron-rich carbazole,O=P(O)(O)CCn1c2ccccc2c2ccc(OC)cc21,COc1ccc2c3ccccc3n(CCP(=O)(O)O)c2c1,True,VSAM-0015
carbazole_C2_di-OMe,carbazole,C2,phosphonic acid,di-OMe,electron-rich carbazole,O=P(O)(O)CCn1c2ccc(OC)cc2c2cc(OC)ccc21,COc1ccc2c(c1)c1cc(OC)ccc1n2CCP(=O)(O)O,True,VSAM-0016
carbazole_C2_mono-CN-A,carbazole,C2,phosphonic acid,mono-CN-A,electron-withdrawing carbazole,O=P(O)(O)CCn1c2ccc(C#N)cc2c2ccccc21,N#Cc1ccc2c(c1)c1ccccc1n2CCP(=O)(O)O,True,VSAM-0017
carbazole_C2_mono-CN-B,carbazole,C2,phosphonic acid,mono-CN-B,electron-withdrawing carbazole,O=P(O)(O)CCn1c2ccccc2c2ccc(C#N)cc21,N#Cc1ccc2c3ccccc3n(CCP(=O)(O)O)c2c1,True,VSAM-0018
carbazole_C2_di-CN,carbazole,C2,phosphonic acid,di-CN,electron-withdrawing carbazole,O=P(O)(O)CCn1c2ccc(C#N)cc2c2cc(C#N)ccc21,N#Cc1ccc2c(c1)c1cc(C#N)ccc1n2CCP(=O)(O)O,True,VSAM-0019
carbazole_C2_mono-CF3-A,carbazole,C2,phosphonic acid,mono-CF3-A,fluoroalkylated carbazole,O=P(O)(O)CCn1c2ccc(C(F)(F)F)cc2c2ccccc21,O=P(O)(O)CCn1c2ccccc2c2cc(C(F)(F)F)ccc21,True,VSAM-0020
carbazole_C2_mono-CF3-B,carbazole,C2,phosphonic acid,mono-CF3-B,fluoroalkylated carbazole,O=P(O)(O)CCn1c2ccccc2c2ccc(C(F)(F)F)cc21,O=P(O)(O)CCn1c2ccccc2c2ccc(C(F)(F)F)cc21,True,VSAM-0021
carbazole_C2_di-CF3,carbazole,C2,phosphonic acid,di-CF3,fluoroalkylated carbazole,O=P(O)(O)CCn1c2ccc(C(F)(F)F)cc2c2cc(C(F)(F)F)ccc21,O=P(O)(O)CCn1c2ccc(C(F)(F)F)cc2c2cc(C(F)(F)F)ccc21,True,VSAM-0022
carbazole_C2_mono-Ph-A,carbazole,C2,phosphonic acid,mono-Ph-A,aryl-extended carbazole,O=P(O)(O)CCn1c2ccc(c3ccccc3)cc2c2ccccc21,O=P(O)(O)CCn1c2ccccc2c2cc(-c3ccccc3)ccc21,True,VSAM-0023
carbazole_C2_mono-Ph-B,carbazole,C2,phosphonic acid,mono-Ph-B,aryl-extended carbazole,O=P(O)(O)CCn1c2ccccc2c2ccc(c3ccccc3)cc21,O=P(O)(O)CCn1c2ccccc2c2ccc(-c3ccccc3)cc21,True,VSAM-0024
carbazole_C2_di-Ph,carbazole,C2,phosphonic acid,di-Ph,aryl-extended carbazole,O=P(O)(O)CCn1c2ccc(c3ccccc3)cc2c2cc(c3ccccc3)ccc21,O=P(O)(O)CCn1c2ccc(-c3ccccc3)cc2c2cc(-c3ccccc3)ccc21,True,VSAM-0025
carbazole_C2_mono-Th-A,carbazole,C2,phosphonic acid,mono-Th-A,thiophene-extended carbazole,O=P(O)(O)CCn1c2ccc(c3ccsc3)cc2c2ccccc21,O=P(O)(O)CCn1c2ccccc2c2cc(-c3ccsc3)ccc21,True,VSAM-0026
carbazole_C2_mono-Th-B,carbazole,C2,phosphonic acid,mono-Th-B,thiophene-extended carbazole,O=P(O)(O)CCn1c2ccccc2c2ccc(c3ccsc3)cc21,O=P(O)(O)CCn1c2ccccc2c2ccc(-c3ccsc3)cc21,True,VSAM-0027
carbazole_C2_di-Th,carbazole,C2,phosphonic acid,di-Th,thiophene-extended carbazole,O=P(O)(O)CCn1c2ccc(c3ccsc3)cc2c2cc(c3ccsc3)ccc21,O=P(O)(O)CCn1c2ccc(-c3ccsc3)cc2c2cc(-c3ccsc3)ccc21,True,VSAM-0028
carbazole_C2_mono-Anisyl-A,carbazole,C2,phosphonic acid,mono-Anisyl-A,electron-rich aryl-carbazole,O=P(O)(O)CCn1c2ccc(c3ccc(OC)cc3)cc2c2ccccc21,COc1ccc(-c2ccc3c(c2)c2ccccc2n3CCP(=O)(O)O)cc1,True,VSAM-0029
carbazole_C2_mono-Anisyl-B,carbazole,C2,phosphonic acid,mono-Anisyl-B,electron-rich aryl-carbazole,O=P(O)(O)CCn1c2ccccc2c2ccc(c3ccc(OC)cc3)cc21,COc1ccc(-c2ccc3c4ccccc4n(CCP(=O)(O)O)c3c2)cc1,True,VSAM-0030
carbazole_C2_di-Anisyl,carbazole,C2,phosphonic acid,di-Anisyl,electron-rich aryl-carbazole,O=P(O)(O)CCn1c2ccc(c3ccc(OC)cc3)cc2c2cc(c3ccc(OC)cc3)ccc21,COc1ccc(-c2ccc3c(c2)c2cc(-c4ccc(OC)cc4)ccc2n3CCP(=O)(O)O)cc1,True,VSAM-0031
carbazole_C2_mono-F-Ph-A,carbazole,C2,phosphonic acid,mono-F-Ph-A,halogenated aryl-carbazole,O=P(O)(O)CCn1c2ccc(c3ccc(F)cc3)cc2c2ccccc21,O=P(O)(O)CCn1c2ccccc2c2cc(-c3ccc(F)cc3)ccc21,True,VSAM-0032
carbazole_C2_mono-F-Ph-B,carbazole,C2,phosphonic acid,mono-F-Ph-B,halogenated aryl-carbazole,O=P(O)(O)CCn1c2ccccc2c2ccc(c3ccc(F)cc3)cc21,O=P(O)(O)CCn1c2ccccc2c2ccc(-c3ccc(F)cc3)cc21,True,VSAM-0033
carbazole_C2_di-F-Ph,carbazole,C2,phosphonic acid,di-F-Ph,halogenated aryl-carbazole,O=P(O)(O)CCn1c2ccc(c3ccc(F)cc3)cc2c2cc(c3ccc(F)cc3)ccc21,O=P(O)(O)CCn1c2ccc(-c3ccc(F)cc3)cc2c2cc(-c3ccc(F)cc3)ccc21,True,VSAM-0034
carbazole_C2_mono-Cl-Ph-A,carbazole,C2,phosphonic acid,mono-Cl-Ph-A,halogenated aryl-carbazole,O=P(O)(O)CCn1c2ccc(c3ccc(Cl)cc3)cc2c2ccccc21,O=P(O)(O)CCn1c2ccccc2c2cc(-c3ccc(Cl)cc3)ccc21,True,VSAM-0035
carbazole_C2_mono-Cl-Ph-B,carbazole,C2,phosphonic acid,mono-Cl-Ph-B,halogenated aryl-carbazole,O=P(O)(O)CCn1c2ccccc2c2ccc(c3ccc(Cl)cc3)cc21,O=P(O)(O)CCn1c2ccccc2c2ccc(-c3ccc(Cl)cc3)cc21,True,VSAM-0036
carbazole_C2_di-Cl-Ph,carbazole,C2,phosphonic acid,di-Cl-Ph,halogenated aryl-carbazole,O=P(O)(O)CCn1c2ccc(c3ccc(Cl)cc3)cc2c2cc(c3ccc(Cl)cc3)ccc21,O=P(O)(O)CCn1c2ccc(-c3ccc(Cl)cc3)cc2c2cc(-c3ccc(Cl)cc3)ccc21,True,VSAM-0037
carbazole_C2_mono-Me-Ph-A,carbazole,C2,phosphonic acid,mono-Me-Ph-A,alkylaryl carbazole,O=P(O)(O)CCn1c2ccc(c3ccc(C)cc3)cc2c2ccccc21,Cc1ccc(-c2ccc3c(c2)c2ccccc2n3CCP(=O)(O)O)cc1,True,VSAM-0038
carbazole_C2_mono-Me-Ph-B,carbazole,C2,phosphonic acid,mono-Me-Ph-B,alkylaryl carbazole,O=P(O)(O)CCn1c2ccccc2c2ccc(c3ccc(C)cc3)cc21,Cc1ccc(-c2ccc3c4ccccc4n(CCP(=O)(O)O)c3c2)cc1,True,VSAM-0039
carbazole_C2_di-Me-Ph,carbazole,C2,phosphonic acid,di-Me-Ph,alkylaryl carbazole,O=P(O)(O)CCn1c2ccc(c3ccc(C)cc3)cc2c2cc(c3ccc(C)cc3)ccc21,Cc1ccc(-c2ccc3c(c2)c2cc(-c4ccc(C)cc4)ccc2n3CCP(=O)(O)O)cc1,True,VSAM-0040
carbazole_C2_F/Cl,carbazole,C2,phosphonic acid,F/Cl,mixed-disubstituted carbazole,O=P(O)(O)CCn1c2ccc(F)cc2c2cc(Cl)ccc21,O=P(O)(O)CCn1c2ccc(F)cc2c2cc(Cl)ccc21,True,VSAM-0041
carbazole_C2_F/Br,carbazole,C2,phosphonic acid,F/Br,mixed-disubstituted carbazole,O=P(O)(O)CCn1c2ccc(F)cc2c2cc(Br)ccc21,O=P(O)(O)CCn1c2ccc(F)cc2c2cc(Br)ccc21,True,VSAM-0042
carbazole_C2_F/Me,carbazole,C2,phosphonic acid,F/Me,mixed-disubstituted carbazole,O=P(O)(O)CCn1c2ccc(F)cc2c2cc(C)ccc21,Cc1ccc2c(c1)c1cc(F)ccc1n2CCP(=O)(O)O,True,VSAM-0043
carbazole_C2_F/OMe,carbazole,C2,phosphonic acid,F/OMe,mixed-disubstituted carbazole,O=P(O)(O)CCn1c2ccc(F)cc2c2cc(OC)ccc21,COc1ccc2c(c1)c1cc(F)ccc1n2CCP(=O)(O)O,True,VSAM-0044
carbazole_C2_F/CN,carbazole,C2,phosphonic acid,F/CN,mixed-disubstituted carbazole,O=P(O)(O)CCn1c2ccc(F)cc2c2cc(C#N)ccc21,N#Cc1ccc2c(c1)c1cc(F)ccc1n2CCP(=O)(O)O,True,VSAM-0045
carbazole_C2_F/CF3,carbazole,C2,phosphonic acid,F/CF3,mixed-disubstituted carbazole,O=P(O)(O)CCn1c2ccc(F)cc2c2cc(C(F)(F)F)ccc21,O=P(O)(O)CCn1c2ccc(F)cc2c2cc(C(F)(F)F)ccc21,True,VSAM-0046
carbazole_C2_F/Ph,carbazole,C2,phosphonic acid,F/Ph,mixed-disubstituted carbazole,O=P(O)(O)CCn1c2ccc(F)cc2c2cc(c3ccccc3)ccc21,O=P(O)(O)CCn1c2ccc(F)cc2c2cc(-c3ccccc3)ccc21,True,VSAM-0047
carbazole_C2_F/Th,carbazole,C2,phosphonic acid,F/Th,mixed-disubstituted carbazole,O=P(O)(O)CCn1c2ccc(F)cc2c2cc(c3ccsc3)ccc21,O=P(O)(O)CCn1c2ccc(F)cc2c2cc(-c3ccsc3)ccc21,True,VSAM-0048
carbazole_C2_F/Anisyl,carbazole,C2,phosphonic acid,F/Anisyl,mixed-disubstituted carbazole,O=P(O)(O)CCn1c2ccc(F)cc2c2cc(c3ccc(OC)cc3)ccc21,COc1ccc(-c2ccc3c(c2)c2cc(F)ccc2n3CCP(=O)(O)O)cc1,True,VSAM-0049
carbazole_C2_F/F-Ph,carbazole,C2,phosphonic acid,F/F-Ph,mixed-disubstituted carbazole,O=P(O)(O)CCn1c2ccc(F)cc2c2cc(c3ccc(F)cc3)ccc21,O=P(O)(O)CCn1c2ccc(F)cc2c2cc(-c3ccc(F)cc3)ccc21,True,VSAM-0050
carbazole_C2_F/Cl-Ph,carbazole,C2,phosphonic acid,F/Cl-Ph,mixed-disubstituted carbazole,O=P(O)(O)CCn1c2ccc(F)cc2c2cc(c3ccc(Cl)cc3)ccc21,O=P(O)(O)CCn1c2ccc(F)cc2c2cc(-c3ccc(Cl)cc3)ccc21,True,VSAM-0051
carbazole_C2_F/Me-Ph,carbazole,C2,phosphonic acid,F/Me-Ph,mixed-disubstituted carbazole,O=P(O)(O)CCn1c2ccc(F)cc2c2cc(c3ccc(C)cc3)ccc21,Cc1ccc(-c2ccc3c(c2)c2cc(F)ccc2n3CCP(=O)(O)O)cc1,True,VSAM-0052
carbazole_C2_Cl/Br,carbazole,C2,phosphonic acid,Cl/Br,mixed-disubstituted carbazole,O=P(O)(O)CCn1c2ccc(Cl)cc2c2cc(Br)ccc21,O=P(O)(O)CCn1c2ccc(Cl)cc2c2cc(Br)ccc21,True,VSAM-0053
carbazole_C2_Cl/Me,carbazole,C2,phosphonic acid,Cl/Me,mixed-disubstituted carbazole,O=P(O)(O)CCn1c2ccc(Cl)cc2c2cc(C)ccc21,Cc1ccc2c(c1)c1cc(Cl)ccc1n2CCP(=O)(O)O,True,VSAM-0054
carbazole_C2_Cl/OMe,carbazole,C2,phosphonic acid,Cl/OMe,mixed-disubstituted carbazole,O=P(O)(O)CCn1c2ccc(Cl)cc2c2cc(OC)ccc21,COc1ccc2c(c1)c1cc(Cl)ccc1n2CCP(=O)(O)O,True,VSAM-0055
carbazole_C2_Cl/CN,carbazole,C2,phosphonic acid,Cl/CN,mixed-disubstituted carbazole,O=P(O)(O)CCn1c2ccc(Cl)cc2c2cc(C#N)ccc21,N#Cc1ccc2c(c1)c1cc(Cl)ccc1n2CCP(=O)(O)O,True,VSAM-0056
carbazole_C2_Cl/CF3,carbazole,C2,phosphonic acid,Cl/CF3,mixed-disubstituted carbazole,O=P(O)(O)CCn1c2ccc(Cl)cc2c2cc(C(F)(F)F)ccc21,O=P(O)(O)CCn1c2ccc(Cl)cc2c2cc(C(F)(F)F)ccc21,True,VSAM-0057
carbazole_C2_Cl/Ph,carbazole,C2,phosphonic acid,Cl/Ph,mixed-disubstituted carbazole,O=P(O)(O)CCn1c2ccc(Cl)cc2c2cc(c3ccccc3)ccc21,O=P(O)(O)CCn1c2ccc(Cl)cc2c2cc(-c3ccccc3)ccc21,True,VSAM-0058
carbazole_C2_Cl/Th,carbazole,C2,phosphonic acid,Cl/Th,mixed-disubstituted carbazole,O=P(O)(O)CCn1c2ccc(Cl)cc2c2cc(c3ccsc3)ccc21,O=P(O)(O)CCn1c2ccc(Cl)cc2c2cc(-c3ccsc3)ccc21,True,VSAM-0059
carbazole_C2_Cl/Anisyl,carbazole,C2,phosphonic acid,Cl/Anisyl,mixed-disubstituted carbazole,O=P(O)(O)CCn1c2ccc(Cl)cc2c2cc(c3ccc(OC)cc3)ccc21,COc1ccc(-c2ccc3c(c2)c2cc(Cl)ccc2n3CCP(=O)(O)O)cc1,True,VSAM-0060
carbazole_C2_Cl/F-Ph,carbazole,C2,phosphonic acid,Cl/F-Ph,mixed-disubstituted carbazole,O=P(O)(O)CCn1c2ccc(Cl)cc2c2cc(c3ccc(F)cc3)ccc21,O=P(O)(O)CCn1c2ccc(Cl)cc2c2cc(-c3ccc(F)cc3)ccc21,True,VSAM-0061
carbazole_C2_Cl/Cl-Ph,carbazole,C2,phosphonic acid,Cl/Cl-Ph,mixed-disubstituted carbazole,O=P(O)(O)CCn1c2ccc(Cl)cc2c2cc(c3ccc(Cl)cc3)ccc21,O=P(O)(O)CCn1c2ccc(Cl)cc2c2cc(-c3ccc(Cl)cc3)ccc21,True,VSAM-0062
carbazole_C2_Cl/Me-Ph,carbazole,C2,phosphonic acid,Cl/Me-Ph,mixed-disubstituted carbazole,O=P(O)(O)CCn1c2ccc(Cl)cc2c2cc(c3ccc(C)cc3)ccc21,Cc1ccc(-c2ccc3c(c2)c2cc(Cl)ccc2n3CCP(=O)(O)O)cc1,True,VSAM-0063
carbazole_C2_Br/Me,carbazole,C2,phosphonic acid,Br/Me,mixed-disubstituted carbazole,O=P(O)(O)CCn1c2ccc(Br)cc2c2cc(C)ccc21,Cc1ccc2c(c1)c1cc(Br)ccc1n2CCP(=O)(O)O,True,VSAM-0064
carbazole_C2_Br/OMe,carbazole,C2,phosphonic acid,Br/OMe,mixed-disubstituted carbazole,O=P(O)(O)CCn1c2ccc(Br)cc2c2cc(OC)ccc21,COc1ccc2c(c1)c1cc(Br)ccc1n2CCP(=O)(O)O,True,VSAM-0065
carbazole_C2_Br/CN,carbazole,C2,phosphonic acid,Br/CN,mixed-disubstituted carbazole,O=P(O)(O)CCn1c2ccc(Br)cc2c2cc(C#N)ccc21,N#Cc1ccc2c(c1)c1cc(Br)ccc1n2CCP(=O)(O)O,True,VSAM-0066
carbazole_C2_Br/CF3,carbazole,C2,phosphonic acid,Br/CF3,mixed-disubstituted carbazole,O=P(O)(O)CCn1c2ccc(Br)cc2c2cc(C(F)(F)F)ccc21,O=P(O)(O)CCn1c2ccc(Br)cc2c2cc(C(F)(F)F)ccc21,True,VSAM-0067
carbazole_C2_Br/Ph,carbazole,C2,phosphonic acid,Br/Ph,mixed-disubstituted carbazole,O=P(O)(O)CCn1c2ccc(Br)cc2c2cc(c3ccccc3)ccc21,O=P(O)(O)CCn1c2ccc(Br)cc2c2cc(-c3ccccc3)ccc21,True,VSAM-0068
carbazole_C2_Br/Th,carbazole,C2,phosphonic acid,Br/Th,mixed-disubstituted carbazole,O=P(O)(O)CCn1c2ccc(Br)cc2c2cc(c3ccsc3)ccc21,O=P(O)(O)CCn1c2ccc(Br)cc2c2cc(-c3ccsc3)ccc21,True,VSAM-0069
carbazole_C2_Br/Anisyl,carbazole,C2,phosphonic acid,Br/Anisyl,mixed-disubstituted carbazole,O=P(O)(O)CCn1c2ccc(Br)cc2c2cc(c3ccc(OC)cc3)ccc21,COc1ccc(-c2ccc3c(c2)c2cc(Br)ccc2n3CCP(=O)(O)O)cc1,True,VSAM-0070
carbazole_C2_Br/F-Ph,carbazole,C2,phosphonic acid,Br/F-Ph,mixed-disubstituted carbazole,O=P(O)(O)CCn1c2ccc(Br)cc2c2cc(c3ccc(F)cc3)ccc21,O=P(O)(O)CCn1c2ccc(Br)cc2c2cc(-c3ccc(F)cc3)ccc21,True,VSAM-0071
carbazole_C2_Br/Cl-Ph,carbazole,C2,phosphonic acid,Br/Cl-Ph,mixed-disubstituted carbazole,O=P(O)(O)CCn1c2ccc(Br)cc2c2cc(c3ccc(Cl)cc3)ccc21,O=P(O)(O)CCn1c2ccc(Br)cc2c2cc(-c3ccc(Cl)cc3)ccc21,True,VSAM-0072
carbazole_C2_Br/Me-Ph,carbazole,C2,phosphonic acid,Br/Me-Ph,mixed-disubstituted carbazole,O=P(O)(O)CCn1c2ccc(Br)cc2c2cc(c3ccc(C)cc3)ccc21,Cc1ccc(-c2ccc3c(c2)c2cc(Br)ccc2n3CCP(=O)(O)O)cc1,True,VSAM-0073
carbazole_C2_Me/OMe,carbazole,C2,phosphonic acid,Me/OMe,mixed-disubstituted carbazole,O=P(O)(O)CCn1c2ccc(C)cc2c2cc(OC)ccc21,COc1ccc2c(c1)c1cc(C)ccc1n2CCP(=O)(O)O,True,VSAM-0074
carbazole_C2_Me/CN,carbazole,C2,phosphonic acid,Me/CN,mixed-disubstituted carbazole,O=P(O)(O)CCn1c2ccc(C)cc2c2cc(C#N)ccc21,Cc1ccc2c(c1)c1cc(C#N)ccc1n2CCP(=O)(O)O,True,VSAM-0075
carbazole_C2_Me/CF3,carbazole,C2,phosphonic acid,Me/CF3,mixed-disubstituted carbazole,O=P(O)(O)CCn1c2ccc(C)cc2c2cc(C(F)(F)F)ccc21,Cc1ccc2c(c1)c1cc(C(F)(F)F)ccc1n2CCP(=O)(O)O,True,VSAM-0076
carbazole_C2_Me/Ph,carbazole,C2,phosphonic acid,Me/Ph,mixed-disubstituted carbazole,O=P(O)(O)CCn1c2ccc(C)cc2c2cc(c3ccccc3)ccc21,Cc1ccc2c(c1)c1cc(-c3ccccc3)ccc1n2CCP(=O)(O)O,True,VSAM-0077
carbazole_C2_Me/Th,carbazole,C2,phosphonic acid,Me/Th,mixed-disubstituted carbazole,O=P(O)(O)CCn1c2ccc(C)cc2c2cc(c3ccsc3)ccc21,Cc1ccc2c(c1)c1cc(-c3ccsc3)ccc1n2CCP(=O)(O)O,True,VSAM-0078
carbazole_C2_Me/Anisyl,carbazole,C2,phosphonic acid,Me/Anisyl,mixed-disubstituted carbazole,O=P(O)(O)CCn1c2ccc(C)cc2c2cc(c3ccc(OC)cc3)ccc21,COc1ccc(-c2ccc3c(c2)c2cc(C)ccc2n3CCP(=O)(O)O)cc1,True,VSAM-0079
carbazole_C2_Me/F-Ph,carbazole,C2,phosphonic acid,Me/F-Ph,mixed-disubstituted carbazole,O=P(O)(O)CCn1c2ccc(C)cc2c2cc(c3ccc(F)cc3)ccc21,Cc1ccc2c(c1)c1cc(-c3ccc(F)cc3)ccc1n2CCP(=O)(O)O,True,VSAM-0080
carbazole_C2_Me/Cl-Ph,carbazole,C2,phosphonic acid,Me/Cl-Ph,mixed-disubstituted carbazole,O=P(O)(O)CCn1c2ccc(C)cc2c2cc(c3ccc(Cl)cc3)ccc21,Cc1ccc2c(c1)c1cc(-c3ccc(Cl)cc3)ccc1n2CCP(=O)(O)O,True,VSAM-0081
carbazole_C2_Me/Me-Ph,carbazole,C2,phosphonic acid,Me/Me-Ph,mixed-disubstituted carbazole,O=P(O)(O)CCn1c2ccc(C)cc2c2cc(c3ccc(C)cc3)ccc21,Cc1ccc(-c2ccc3c(c2)c2cc(C)ccc2n3CCP(=O)(O)O)cc1,True,VSAM-0082
carbazole_C2_OMe/CN,carbazole,C2,phosphonic acid,OMe/CN,mixed-disubstituted carbazole,O=P(O)(O)CCn1c2ccc(OC)cc2c2cc(C#N)ccc21,COc1ccc2c(c1)c1cc(C#N)ccc1n2CCP(=O)(O)O,True,VSAM-0083
carbazole_C2_OMe/CF3,carbazole,C2,phosphonic acid,OMe/CF3,mixed-disubstituted carbazole,O=P(O)(O)CCn1c2ccc(OC)cc2c2cc(C(F)(F)F)ccc21,COc1ccc2c(c1)c1cc(C(F)(F)F)ccc1n2CCP(=O)(O)O,True,VSAM-0084
carbazole_C2_OMe/Ph,carbazole,C2,phosphonic acid,OMe/Ph,mixed-disubstituted carbazole,O=P(O)(O)CCn1c2ccc(OC)cc2c2cc(c3ccccc3)ccc21,COc1ccc2c(c1)c1cc(-c3ccccc3)ccc1n2CCP(=O)(O)O,True,VSAM-0085
carbazole_C2_OMe/Th,carbazole,C2,phosphonic acid,OMe/Th,mixed-disubstituted carbazole,O=P(O)(O)CCn1c2ccc(OC)cc2c2cc(c3ccsc3)ccc21,COc1ccc2c(c1)c1cc(-c3ccsc3)ccc1n2CCP(=O)(O)O,True,VSAM-0086
carbazole_C2_OMe/Anisyl,carbazole,C2,phosphonic acid,OMe/Anisyl,mixed-disubstituted carbazole,O=P(O)(O)CCn1c2ccc(OC)cc2c2cc(c3ccc(OC)cc3)ccc21,COc1ccc(-c2ccc3c(c2)c2cc(OC)ccc2n3CCP(=O)(O)O)cc1,True,VSAM-0087
carbazole_C2_OMe/F-Ph,carbazole,C2,phosphonic acid,OMe/F-Ph,mixed-disubstituted carbazole,O=P(O)(O)CCn1c2ccc(OC)cc2c2cc(c3ccc(F)cc3)ccc21,COc1ccc2c(c1)c1cc(-c3ccc(F)cc3)ccc1n2CCP(=O)(O)O,True,VSAM-0088
carbazole_C2_OMe/Cl-Ph,carbazole,C2,phosphonic acid,OMe/Cl-Ph,mixed-disubstituted carbazole,O=P(O)(O)CCn1c2ccc(OC)cc2c2cc(c3ccc(Cl)cc3)ccc21,COc1ccc2c(c1)c1cc(-c3ccc(Cl)cc3)ccc1n2CCP(=O)(O)O,True,VSAM-0089
carbazole_C2_OMe/Me-Ph,carbazole,C2,phosphonic acid,OMe/Me-Ph,mixed-disubstituted carbazole,O=P(O)(O)CCn1c2ccc(OC)cc2c2cc(c3ccc(C)cc3)ccc21,COc1ccc2c(c1)c1cc(-c3ccc(C)cc3)ccc1n2CCP(=O)(O)O,True,VSAM-0090
carbazole_C2_CN/CF3,carbazole,C2,phosphonic acid,CN/CF3,mixed-disubstituted carbazole,O=P(O)(O)CCn1c2ccc(C#N)cc2c2cc(C(F)(F)F)ccc21,N#Cc1ccc2c(c1)c1cc(C(F)(F)F)ccc1n2CCP(=O)(O)O,True,VSAM-0091
carbazole_C2_CN/Ph,carbazole,C2,phosphonic acid,CN/Ph,mixed-disubstituted carbazole,O=P(O)(O)CCn1c2ccc(C#N)cc2c2cc(c3ccccc3)ccc21,N#Cc1ccc2c(c1)c1cc(-c3ccccc3)ccc1n2CCP(=O)(O)O,True,VSAM-0092
carbazole_C2_CN/Th,carbazole,C2,phosphonic acid,CN/Th,mixed-disubstituted carbazole,O=P(O)(O)CCn1c2ccc(C#N)cc2c2cc(c3ccsc3)ccc21,N#Cc1ccc2c(c1)c1cc(-c3ccsc3)ccc1n2CCP(=O)(O)O,True,VSAM-0093
carbazole_C2_CN/Anisyl,carbazole,C2,phosphonic acid,CN/Anisyl,mixed-disubstituted carbazole,O=P(O)(O)CCn1c2ccc(C#N)cc2c2cc(c3ccc(OC)cc3)ccc21,COc1ccc(-c2ccc3c(c2)c2cc(C#N)ccc2n3CCP(=O)(O)O)cc1,True,VSAM-0094
carbazole_C2_CN/F-Ph,carbazole,C2,phosphonic acid,CN/F-Ph,mixed-disubstituted carbazole,O=P(O)(O)CCn1c2ccc(C#N)cc2c2cc(c3ccc(F)cc3)ccc21,N#Cc1ccc2c(c1)c1cc(-c3ccc(F)cc3)ccc1n2CCP(=O)(O)O,True,VSAM-0095
carbazole_C2_CN/Cl-Ph,carbazole,C2,phosphonic acid,CN/Cl-Ph,mixed-disubstituted carbazole,O=P(O)(O)CCn1c2ccc(C#N)cc2c2cc(c3ccc(Cl)cc3)ccc21,N#Cc1ccc2c(c1)c1cc(-c3ccc(Cl)cc3)ccc1n2CCP(=O)(O)O,True,VSAM-0096
carbazole_C2_CN/Me-Ph,carbazole,C2,phosphonic acid,CN/Me-Ph,mixed-disubstituted carbazole,O=P(O)(O)CCn1c2ccc(C#N)cc2c2cc(c3ccc(C)cc3)ccc21,Cc1ccc(-c2ccc3c(c2)c2cc(C#N)ccc2n3CCP(=O)(O)O)cc1,True,VSAM-0097
carbazole_C2_CF3/Ph,carbazole,C2,phosphonic acid,CF3/Ph,mixed-disubstituted carbazole,O=P(O)(O)CCn1c2ccc(C(F)(F)F)cc2c2cc(c3ccccc3)ccc21,O=P(O)(O)CCn1c2ccc(-c3ccccc3)cc2c2cc(C(F)(F)F)ccc21,True,VSAM-0098
carbazole_C2_CF3/Th,carbazole,C2,phosphonic acid,CF3/Th,mixed-disubstituted carbazole,O=P(O)(O)CCn1c2ccc(C(F)(F)F)cc2c2cc(c3ccsc3)ccc21,O=P(O)(O)CCn1c2ccc(-c3ccsc3)cc2c2cc(C(F)(F)F)ccc21,True,VSAM-0099
carbazole_C2_CF3/Anisyl,carbazole,C2,phosphonic acid,CF3/Anisyl,mixed-disubstituted carbazole,O=P(O)(O)CCn1c2ccc(C(F)(F)F)cc2c2cc(c3ccc(OC)cc3)ccc21,COc1ccc(-c2ccc3c(c2)c2cc(C(F)(F)F)ccc2n3CCP(=O)(O)O)cc1,True,VSAM-0100
carbazole_C2_CF3/F-Ph,carbazole,C2,phosphonic acid,CF3/F-Ph,mixed-disubstituted carbazole,O=P(O)(O)CCn1c2ccc(C(F)(F)F)cc2c2cc(c3ccc(F)cc3)ccc21,O=P(O)(O)CCn1c2ccc(-c3ccc(F)cc3)cc2c2cc(C(F)(F)F)ccc21,True,VSAM-0101
carbazole_C2_CF3/Cl-Ph,carbazole,C2,phosphonic acid,CF3/Cl-Ph,mixed-disubstituted carbazole,O=P(O)(O)CCn1c2ccc(C(F)(F)F)cc2c2cc(c3ccc(Cl)cc3)ccc21,O=P(O)(O)CCn1c2ccc(-c3ccc(Cl)cc3)cc2c2cc(C(F)(F)F)ccc21,True,VSAM-0102
carbazole_C2_CF3/Me-Ph,carbazole,C2,phosphonic acid,CF3/Me-Ph,mixed-disubstituted carbazole,O=P(O)(O)CCn1c2ccc(C(F)(F)F)cc2c2cc(c3ccc(C)cc3)ccc21,Cc1ccc(-c2ccc3c(c2)c2cc(C(F)(F)F)ccc2n3CCP(=O)(O)O)cc1,True,VSAM-0103
carbazole_C2_Ph/Th,carbazole,C2,phosphonic acid,Ph/Th,mixed-disubstituted carbazole,O=P(O)(O)CCn1c2ccc(c3ccccc3)cc2c2cc(c3ccsc3)ccc21,O=P(O)(O)CCn1c2ccc(-c3ccccc3)cc2c2cc(-c3ccsc3)ccc21,True,VSAM-0104
carbazole_C2_Ph/Anisyl,carbazole,C2,phosphonic acid,Ph/Anisyl,mixed-disubstituted carbazole,O=P(O)(O)CCn1c2ccc(c3ccccc3)cc2c2cc(c3ccc(OC)cc3)ccc21,COc1ccc(-c2ccc3c(c2)c2cc(-c4ccccc4)ccc2n3CCP(=O)(O)O)cc1,True,VSAM-0105
carbazole_C2_Ph/F-Ph,carbazole,C2,phosphonic acid,Ph/F-Ph,mixed-disubstituted carbazole,O=P(O)(O)CCn1c2ccc(c3ccccc3)cc2c2cc(c3ccc(F)cc3)ccc21,O=P(O)(O)CCn1c2ccc(-c3ccccc3)cc2c2cc(-c3ccc(F)cc3)ccc21,True,VSAM-0106
carbazole_C2_Ph/Cl-Ph,carbazole,C2,phosphonic acid,Ph/Cl-Ph,mixed-disubstituted carbazole,O=P(O)(O)CCn1c2ccc(c3ccccc3)cc2c2cc(c3ccc(Cl)cc3)ccc21,O=P(O)(O)CCn1c2ccc(-c3ccccc3)cc2c2cc(-c3ccc(Cl)cc3)ccc21,True,VSAM-0107
carbazole_C2_Ph/Me-Ph,carbazole,C2,phosphonic acid,Ph/Me-Ph,mixed-disubstituted carbazole,O=P(O)(O)CCn1c2ccc(c3ccccc3)cc2c2cc(c3ccc(C)cc3)ccc21,Cc1ccc(-c2ccc3c(c2)c2cc(-c4ccccc4)ccc2n3CCP(=O)(O)O)cc1,True,VSAM-0108
carbazole_C2_Th/Anisyl,carbazole,C2,phosphonic acid,Th/Anisyl,mixed-disubstituted carbazole,O=P(O)(O)CCn1c2ccc(c3ccsc3)cc2c2cc(c3ccc(OC)cc3)ccc21,COc1ccc(-c2ccc3c(c2)c2cc(-c4ccsc4)ccc2n3CCP(=O)(O)O)cc1,True,VSAM-0109
carbazole_C2_Th/F-Ph,carbazole,C2,phosphonic acid,Th/F-Ph,mixed-disubstituted carbazole,O=P(O)(O)CCn1c2ccc(c3ccsc3)cc2c2cc(c3ccc(F)cc3)ccc21,O=P(O)(O)CCn1c2ccc(-c3ccc(F)cc3)cc2c2cc(-c3ccsc3)ccc21,True,VSAM-0110
carbazole_C2_Th/Cl-Ph,carbazole,C2,phosphonic acid,Th/Cl-Ph,mixed-disubstituted carbazole,O=P(O)(O)CCn1c2ccc(c3ccsc3)cc2c2cc(c3ccc(Cl)cc3)ccc21,O=P(O)(O)CCn1c2ccc(-c3ccc(Cl)cc3)cc2c2cc(-c3ccsc3)ccc21,True,VSAM-0111
carbazole_C2_Th/Me-Ph,carbazole,C2,phosphonic acid,Th/Me-Ph,mixed-disubstituted carbazole,O=P(O)(O)CCn1c2ccc(c3ccsc3)cc2c2cc(c3ccc(C)cc3)ccc21,Cc1ccc(-c2ccc3c(c2)c2cc(-c4ccsc4)ccc2n3CCP(=O)(O)O)cc1,True,VSAM-0112
carbazole_C2_Anisyl/F-Ph,carbazole,C2,phosphonic acid,Anisyl/F-Ph,mixed-disubstituted carbazole,O=P(O)(O)CCn1c2ccc(c3ccc(OC)cc3)cc2c2cc(c3ccc(F)cc3)ccc21,COc1ccc(-c2ccc3c(c2)c2cc(-c4ccc(F)cc4)ccc2n3CCP(=O)(O)O)cc1,True,VSAM-0113
carbazole_C2_Anisyl/Cl-Ph,carbazole,C2,phosphonic acid,Anisyl/Cl-Ph,mixed-disubstituted carbazole,O=P(O)(O)CCn1c2ccc(c3ccc(OC)cc3)cc2c2cc(c3ccc(Cl)cc3)ccc21,COc1ccc(-c2ccc3c(c2)c2cc(-c4ccc(Cl)cc4)ccc2n3CCP(=O)(O)O)cc1,True,VSAM-0114
carbazole_C2_Anisyl/Me-Ph,carbazole,C2,phosphonic acid,Anisyl/Me-Ph,mixed-disubstituted carbazole,O=P(O)(O)CCn1c2ccc(c3ccc(OC)cc3)cc2c2cc(c3ccc(C)cc3)ccc21,COc1ccc(-c2ccc3c(c2)c2cc(-c4ccc(C)cc4)ccc2n3CCP(=O)(O)O)cc1,True,VSAM-0115
carbazole_C2_F-Ph/Cl-Ph,carbazole,C2,phosphonic acid,F-Ph/Cl-Ph,mixed-disubstituted carbazole,O=P(O)(O)CCn1c2ccc(c3ccc(F)cc3)cc2c2cc(c3ccc(Cl)cc3)ccc21,O=P(O)(O)CCn1c2ccc(-c3ccc(F)cc3)cc2c2cc(-c3ccc(Cl)cc3)ccc21,True,VSAM-0116
carbazole_C2_F-Ph/Me-Ph,carbazole,C2,phosphonic acid,F-Ph/Me-Ph,mixed-disubstituted carbazole,O=P(O)(O)CCn1c2ccc(c3ccc(F)cc3)cc2c2cc(c3ccc(C)cc3)ccc21,Cc1ccc(-c2ccc3c(c2)c2cc(-c4ccc(F)cc4)ccc2n3CCP(=O)(O)O)cc1,True,VSAM-0117
carbazole_C2_Cl-Ph/Me-Ph,carbazole,C2,phosphonic acid,Cl-Ph/Me-Ph,mixed-disubstituted carbazole,O=P(O)(O)CCn1c2ccc(c3ccc(Cl)cc3)cc2c2cc(c3ccc(C)cc3)ccc21,Cc1ccc(-c2ccc3c(c2)c2cc(-c4ccc(Cl)cc4)ccc2n3CCP(=O)(O)O)cc1,True,VSAM-0118
carbazole_C3_H,carbazole,C3,phosphonic acid,H,PACz-like parent,O=P(O)(O)CCCn1c2ccccc2c2ccccc21,O=P(O)(O)CCCn1c2ccccc2c2ccccc21,True,VSAM-0119
carbazole_C3_mono-F-A,carbazole,C3,phosphonic acid,mono-F-A,halogenated carbazole,O=P(O)(O)CCCn1c2ccc(F)cc2c2ccccc21,O=P(O)(O)CCCn1c2ccccc2c2cc(F)ccc21,True,VSAM-0120
carbazole_C3_mono-F-B,carbazole,C3,phosphonic acid,mono-F-B,halogenated carbazole,O=P(O)(O)CCCn1c2ccccc2c2ccc(F)cc21,O=P(O)(O)CCCn1c2ccccc2c2ccc(F)cc21,True,VSAM-0121
carbazole_C3_di-F,carbazole,C3,phosphonic acid,di-F,halogenated carbazole,O=P(O)(O)CCCn1c2ccc(F)cc2c2cc(F)ccc21,O=P(O)(O)CCCn1c2ccc(F)cc2c2cc(F)ccc21,True,VSAM-0122
carbazole_C3_mono-Cl-A,carbazole,C3,phosphonic acid,mono-Cl-A,halogenated carbazole,O=P(O)(O)CCCn1c2ccc(Cl)cc2c2ccccc21,O=P(O)(O)CCCn1c2ccccc2c2cc(Cl)ccc21,True,VSAM-0123
carbazole_C3_mono-Cl-B,carbazole,C3,phosphonic acid,mono-Cl-B,halogenated carbazole,O=P(O)(O)CCCn1c2ccccc2c2ccc(Cl)cc21,O=P(O)(O)CCCn1c2ccccc2c2ccc(Cl)cc21,True,VSAM-0124
carbazole_C3_di-Cl,carbazole,C3,phosphonic acid,di-Cl,halogenated carbazole,O=P(O)(O)CCCn1c2ccc(Cl)cc2c2cc(Cl)ccc21,O=P(O)(O)CCCn1c2ccc(Cl)cc2c2cc(Cl)ccc21,True,VSAM-0125
carbazole_C3_mono-Br-A,carbazole,C3,phosphonic acid,mono-Br-A,halogenated carbazole,O=P(O)(O)CCCn1c2ccc(Br)cc2c2ccccc21,O=P(O)(O)CCCn1c2ccccc2c2cc(Br)ccc21,True,VSAM-0126
carbazole_C3_mono-Br-B,carbazole,C3,phosphonic acid,mono-Br-B,halogenated carbazole,O=P(O)(O)CCCn1c2ccccc2c2ccc(Br)cc21,O=P(O)(O)CCCn1c2ccccc2c2ccc(Br)cc21,True,VSAM-0127
carbazole_C3_di-Br,carbazole,C3,phosphonic acid,di-Br,halogenated carbazole,O=P(O)(O)CCCn1c2ccc(Br)cc2c2cc(Br)ccc21,O=P(O)(O)CCCn1c2ccc(Br)cc2c2cc(Br)ccc21,True,VSAM-0128
carbazole_C3_mono-Me-A,carbazole,C3,phosphonic acid,mono-Me-A,alkylated carbazole,O=P(O)(O)CCCn1c2ccc(C)cc2c2ccccc21,Cc1ccc2c(c1)c1ccccc1n2CCCP(=O)(O)O,True,VSAM-0129
carbazole_C3_mono-Me-B,carbazole,C3,phosphonic acid,mono-Me-B,alkylated carbazole,O=P(O)(O)CCCn1c2ccccc2c2ccc(C)cc21,Cc1ccc2c3ccccc3n(CCCP(=O)(O)O)c2c1,True,VSAM-0130
carbazole_C3_di-Me,carbazole,C3,phosphonic acid,di-Me,alkylated carbazole,O=P(O)(O)CCCn1c2ccc(C)cc2c2cc(C)ccc21,Cc1ccc2c(c1)c1cc(C)ccc1n2CCCP(=O)(O)O,True,VSAM-0131
carbazole_C3_mono-OMe-A,carbazole,C3,phosphonic acid,mono-OMe-A,electron-rich carbazole,O=P(O)(O)CCCn1c2ccc(OC)cc2c2ccccc21,COc1ccc2c(c1)c1ccccc1n2CCCP(=O)(O)O,True,VSAM-0132
carbazole_C3_mono-OMe-B,carbazole,C3,phosphonic acid,mono-OMe-B,electron-rich carbazole,O=P(O)(O)CCCn1c2ccccc2c2ccc(OC)cc21,COc1ccc2c3ccccc3n(CCCP(=O)(O)O)c2c1,True,VSAM-0133
carbazole_C3_di-OMe,carbazole,C3,phosphonic acid,di-OMe,electron-rich carbazole,O=P(O)(O)CCCn1c2ccc(OC)cc2c2cc(OC)ccc21,COc1ccc2c(c1)c1cc(OC)ccc1n2CCCP(=O)(O)O,True,VSAM-0134
carbazole_C3_mono-CN-A,carbazole,C3,phosphonic acid,mono-CN-A,electron-withdrawing carbazole,O=P(O)(O)CCCn1c2ccc(C#N)cc2c2ccccc21,N#Cc1ccc2c(c1)c1ccccc1n2CCCP(=O)(O)O,True,VSAM-0135
carbazole_C3_mono-CN-B,carbazole,C3,phosphonic acid,mono-CN-B,electron-withdrawing carbazole,O=P(O)(O)CCCn1c2ccccc2c2ccc(C#N)cc21,N#Cc1ccc2c3ccccc3n(CCCP(=O)(O)O)c2c1,True,VSAM-0136
carbazole_C3_di-CN,carbazole,C3,phosphonic acid,di-CN,electron-withdrawing carbazole,O=P(O)(O)CCCn1c2ccc(C#N)cc2c2cc(C#N)ccc21,N#Cc1ccc2c(c1)c1cc(C#N)ccc1n2CCCP(=O)(O)O,True,VSAM-0137
carbazole_C3_mono-CF3-A,carbazole,C3,phosphonic acid,mono-CF3-A,fluoroalkylated carbazole,O=P(O)(O)CCCn1c2ccc(C(F)(F)F)cc2c2ccccc21,O=P(O)(O)CCCn1c2ccccc2c2cc(C(F)(F)F)ccc21,True,VSAM-0138
carbazole_C3_mono-CF3-B,carbazole,C3,phosphonic acid,mono-CF3-B,fluoroalkylated carbazole,O=P(O)(O)CCCn1c2ccccc2c2ccc(C(F)(F)F)cc21,O=P(O)(O)CCCn1c2ccccc2c2ccc(C(F)(F)F)cc21,True,VSAM-0139
carbazole_C3_di-CF3,carbazole,C3,phosphonic acid,di-CF3,fluoroalkylated carbazole,O=P(O)(O)CCCn1c2ccc(C(F)(F)F)cc2c2cc(C(F)(F)F)ccc21,O=P(O)(O)CCCn1c2ccc(C(F)(F)F)cc2c2cc(C(F)(F)F)ccc21,True,VSAM-0140
carbazole_C3_mono-Ph-A,carbazole,C3,phosphonic acid,mono-Ph-A,aryl-extended carbazole,O=P(O)(O)CCCn1c2ccc(c3ccccc3)cc2c2ccccc21,O=P(O)(O)CCCn1c2ccccc2c2cc(-c3ccccc3)ccc21,True,VSAM-0141
carbazole_C3_mono-Ph-B,carbazole,C3,phosphonic acid,mono-Ph-B,aryl-extended carbazole,O=P(O)(O)CCCn1c2ccccc2c2ccc(c3ccccc3)cc21,O=P(O)(O)CCCn1c2ccccc2c2ccc(-c3ccccc3)cc21,True,VSAM-0142
carbazole_C3_di-Ph,carbazole,C3,phosphonic acid,di-Ph,aryl-extended carbazole,O=P(O)(O)CCCn1c2ccc(c3ccccc3)cc2c2cc(c3ccccc3)ccc21,O=P(O)(O)CCCn1c2ccc(-c3ccccc3)cc2c2cc(-c3ccccc3)ccc21,True,VSAM-0143
carbazole_C3_mono-Th-A,carbazole,C3,phosphonic acid,mono-Th-A,thiophene-extended carbazole,O=P(O)(O)CCCn1c2ccc(c3ccsc3)cc2c2ccccc21,O=P(O)(O)CCCn1c2ccccc2c2cc(-c3ccsc3)ccc21,True,VSAM-0144
carbazole_C3_mono-Th-B,carbazole,C3,phosphonic acid,mono-Th-B,thiophene-extended carbazole,O=P(O)(O)CCCn1c2ccccc2c2ccc(c3ccsc3)cc21,O=P(O)(O)CCCn1c2ccccc2c2ccc(-c3ccsc3)cc21,True,VSAM-0145
carbazole_C3_di-Th,carbazole,C3,phosphonic acid,di-Th,thiophene-extended carbazole,O=P(O)(O)CCCn1c2ccc(c3ccsc3)cc2c2cc(c3ccsc3)ccc21,O=P(O)(O)CCCn1c2ccc(-c3ccsc3)cc2c2cc(-c3ccsc3)ccc21,True,VSAM-0146
carbazole_C3_mono-Anisyl-A,carbazole,C3,phosphonic acid,mono-Anisyl-A,electron-rich aryl-carbazole,O=P(O)(O)CCCn1c2ccc(c3ccc(OC)cc3)cc2c2ccccc21,COc1ccc(-c2ccc3c(c2)c2ccccc2n3CCCP(=O)(O)O)cc1,True,VSAM-0147
carbazole_C3_mono-Anisyl-B,carbazole,C3,phosphonic acid,mono-Anisyl-B,electron-rich aryl-carbazole,O=P(O)(O)CCCn1c2ccccc2c2ccc(c3ccc(OC)cc3)cc21,COc1ccc(-c2ccc3c4ccccc4n(CCCP(=O)(O)O)c3c2)cc1,True,VSAM-0148
carbazole_C3_di-Anisyl,carbazole,C3,phosphonic acid,di-Anisyl,electron-rich aryl-carbazole,O=P(O)(O)CCCn1c2ccc(c3ccc(OC)cc3)cc2c2cc(c3ccc(OC)cc3)ccc21,COc1ccc(-c2ccc3c(c2)c2cc(-c4ccc(OC)cc4)ccc2n3CCCP(=O)(O)O)cc1,True,VSAM-0149
carbazole_C3_mono-F-Ph-A,carbazole,C3,phosphonic acid,mono-F-Ph-A,halogenated aryl-carbazole,O=P(O)(O)CCCn1c2ccc(c3ccc(F)cc3)cc2c2ccccc21,O=P(O)(O)CCCn1c2ccccc2c2cc(-c3ccc(F)cc3)ccc21,True,VSAM-0150
carbazole_C3_mono-F-Ph-B,carbazole,C3,phosphonic acid,mono-F-Ph-B,halogenated aryl-carbazole,O=P(O)(O)CCCn1c2ccccc2c2ccc(c3ccc(F)cc3)cc21,O=P(O)(O)CCCn1c2ccccc2c2ccc(-c3ccc(F)cc3)cc21,True,VSAM-0151
carbazole_C3_di-F-Ph,carbazole,C3,phosphonic acid,di-F-Ph,halogenated aryl-carbazole,O=P(O)(O)CCCn1c2ccc(c3ccc(F)cc3)cc2c2cc(c3ccc(F)cc3)ccc21,O=P(O)(O)CCCn1c2ccc(-c3ccc(F)cc3)cc2c2cc(-c3ccc(F)cc3)ccc21,True,VSAM-0152
carbazole_C3_mono-Cl-Ph-A,carbazole,C3,phosphonic acid,mono-Cl-Ph-A,halogenated aryl-carbazole,O=P(O)(O)CCCn1c2ccc(c3ccc(Cl)cc3)cc2c2ccccc21,O=P(O)(O)CCCn1c2ccccc2c2cc(-c3ccc(Cl)cc3)ccc21,True,VSAM-0153
carbazole_C3_mono-Cl-Ph-B,carbazole,C3,phosphonic acid,mono-Cl-Ph-B,halogenated aryl-carbazole,O=P(O)(O)CCCn1c2ccccc2c2ccc(c3ccc(Cl)cc3)cc21,O=P(O)(O)CCCn1c2ccccc2c2ccc(-c3ccc(Cl)cc3)cc21,True,VSAM-0154
carbazole_C3_di-Cl-Ph,carbazole,C3,phosphonic acid,di-Cl-Ph,halogenated aryl-carbazole,O=P(O)(O)CCCn1c2ccc(c3ccc(Cl)cc3)cc2c2cc(c3ccc(Cl)cc3)ccc21,O=P(O)(O)CCCn1c2ccc(-c3ccc(Cl)cc3)cc2c2cc(-c3ccc(Cl)cc3)ccc21,True,VSAM-0155
carbazole_C3_mono-Me-Ph-A,carbazole,C3,phosphonic acid,mono-Me-Ph-A,alkylaryl carbazole,O=P(O)(O)CCCn1c2ccc(c3ccc(C)cc3)cc2c2ccccc21,Cc1ccc(-c2ccc3c(c2)c2ccccc2n3CCCP(=O)(O)O)cc1,True,VSAM-0156
carbazole_C3_mono-Me-Ph-B,carbazole,C3,phosphonic acid,mono-Me-Ph-B,alkylaryl carbazole,O=P(O)(O)CCCn1c2ccccc2c2ccc(c3ccc(C)cc3)cc21,Cc1ccc(-c2ccc3c4ccccc4n(CCCP(=O)(O)O)c3c2)cc1,True,VSAM-0157
carbazole_C3_di-Me-Ph,carbazole,C3,phosphonic acid,di-Me-Ph,alkylaryl carbazole,O=P(O)(O)CCCn1c2ccc(c3ccc(C)cc3)cc2c2cc(c3ccc(C)cc3)ccc21,Cc1ccc(-c2ccc3c(c2)c2cc(-c4ccc(C)cc4)ccc2n3CCCP(=O)(O)O)cc1,True,VSAM-0158
carbazole_C3_F/Cl,carbazole,C3,phosphonic acid,F/Cl,mixed-disubstituted carbazole,O=P(O)(O)CCCn1c2ccc(F)cc2c2cc(Cl)ccc21,O=P(O)(O)CCCn1c2ccc(F)cc2c2cc(Cl)ccc21,True,VSAM-0159
carbazole_C3_F/Br,carbazole,C3,phosphonic acid,F/Br,mixed-disubstituted carbazole,O=P(O)(O)CCCn1c2ccc(F)cc2c2cc(Br)ccc21,O=P(O)(O)CCCn1c2ccc(F)cc2c2cc(Br)ccc21,True,VSAM-0160
carbazole_C3_F/Me,carbazole,C3,phosphonic acid,F/Me,mixed-disubstituted carbazole,O=P(O)(O)CCCn1c2ccc(F)cc2c2cc(C)ccc21,Cc1ccc2c(c1)c1cc(F)ccc1n2CCCP(=O)(O)O,True,VSAM-0161
carbazole_C3_F/OMe,carbazole,C3,phosphonic acid,F/OMe,mixed-disubstituted carbazole,O=P(O)(O)CCCn1c2ccc(F)cc2c2cc(OC)ccc21,COc1ccc2c(c1)c1cc(F)ccc1n2CCCP(=O)(O)O,True,VSAM-0162
carbazole_C3_F/CN,carbazole,C3,phosphonic acid,F/CN,mixed-disubstituted carbazole,O=P(O)(O)CCCn1c2ccc(F)cc2c2cc(C#N)ccc21,N#Cc1ccc2c(c1)c1cc(F)ccc1n2CCCP(=O)(O)O,True,VSAM-0163
carbazole_C3_F/CF3,carbazole,C3,phosphonic acid,F/CF3,mixed-disubstituted carbazole,O=P(O)(O)CCCn1c2ccc(F)cc2c2cc(C(F)(F)F)ccc21,O=P(O)(O)CCCn1c2ccc(F)cc2c2cc(C(F)(F)F)ccc21,True,VSAM-0164
carbazole_C3_F/Ph,carbazole,C3,phosphonic acid,F/Ph,mixed-disubstituted carbazole,O=P(O)(O)CCCn1c2ccc(F)cc2c2cc(c3ccccc3)ccc21,O=P(O)(O)CCCn1c2ccc(F)cc2c2cc(-c3ccccc3)ccc21,True,VSAM-0165
carbazole_C3_F/Th,carbazole,C3,phosphonic acid,F/Th,mixed-disubstituted carbazole,O=P(O)(O)CCCn1c2ccc(F)cc2c2cc(c3ccsc3)ccc21,O=P(O)(O)CCCn1c2ccc(F)cc2c2cc(-c3ccsc3)ccc21,True,VSAM-0166
carbazole_C3_F/Anisyl,carbazole,C3,phosphonic acid,F/Anisyl,mixed-disubstituted carbazole,O=P(O)(O)CCCn1c2ccc(F)cc2c2cc(c3ccc(OC)cc3)ccc21,COc1ccc(-c2ccc3c(c2)c2cc(F)ccc2n3CCCP(=O)(O)O)cc1,True,VSAM-0167
carbazole_C3_F/F-Ph,carbazole,C3,phosphonic acid,F/F-Ph,mixed-disubstituted carbazole,O=P(O)(O)CCCn1c2ccc(F)cc2c2cc(c3ccc(F)cc3)ccc21,O=P(O)(O)CCCn1c2ccc(F)cc2c2cc(-c3ccc(F)cc3)ccc21,True,VSAM-0168
carbazole_C3_F/Cl-Ph,carbazole,C3,phosphonic acid,F/Cl-Ph,mixed-disubstituted carbazole,O=P(O)(O)CCCn1c2ccc(F)cc2c2cc(c3ccc(Cl)cc3)ccc21,O=P(O)(O)CCCn1c2ccc(F)cc2c2cc(-c3ccc(Cl)cc3)ccc21,True,VSAM-0169
carbazole_C3_F/Me-Ph,carbazole,C3,phosphonic acid,F/Me-Ph,mixed-disubstituted carbazole,O=P(O)(O)CCCn1c2ccc(F)cc2c2cc(c3ccc(C)cc3)ccc21,Cc1ccc(-c2ccc3c(c2)c2cc(F)ccc2n3CCCP(=O)(O)O)cc1,True,VSAM-0170
carbazole_C3_Cl/Br,carbazole,C3,phosphonic acid,Cl/Br,mixed-disubstituted carbazole,O=P(O)(O)CCCn1c2ccc(Cl)cc2c2cc(Br)ccc21,O=P(O)(O)CCCn1c2ccc(Cl)cc2c2cc(Br)ccc21,True,VSAM-0171
carbazole_C3_Cl/Me,carbazole,C3,phosphonic acid,Cl/Me,mixed-disubstituted carbazole,O=P(O)(O)CCCn1c2ccc(Cl)cc2c2cc(C)ccc21,Cc1ccc2c(c1)c1cc(Cl)ccc1n2CCCP(=O)(O)O,True,VSAM-0172
carbazole_C3_Cl/OMe,carbazole,C3,phosphonic acid,Cl/OMe,mixed-disubstituted carbazole,O=P(O)(O)CCCn1c2ccc(Cl)cc2c2cc(OC)ccc21,COc1ccc2c(c1)c1cc(Cl)ccc1n2CCCP(=O)(O)O,True,VSAM-0173
carbazole_C3_Cl/CN,carbazole,C3,phosphonic acid,Cl/CN,mixed-disubstituted carbazole,O=P(O)(O)CCCn1c2ccc(Cl)cc2c2cc(C#N)ccc21,N#Cc1ccc2c(c1)c1cc(Cl)ccc1n2CCCP(=O)(O)O,True,VSAM-0174
carbazole_C3_Cl/CF3,carbazole,C3,phosphonic acid,Cl/CF3,mixed-disubstituted carbazole,O=P(O)(O)CCCn1c2ccc(Cl)cc2c2cc(C(F)(F)F)ccc21,O=P(O)(O)CCCn1c2ccc(Cl)cc2c2cc(C(F)(F)F)ccc21,True,VSAM-0175
carbazole_C3_Cl/Ph,carbazole,C3,phosphonic acid,Cl/Ph,mixed-disubstituted carbazole,O=P(O)(O)CCCn1c2ccc(Cl)cc2c2cc(c3ccccc3)ccc21,O=P(O)(O)CCCn1c2ccc(Cl)cc2c2cc(-c3ccccc3)ccc21,True,VSAM-0176
carbazole_C3_Cl/Th,carbazole,C3,phosphonic acid,Cl/Th,mixed-disubstituted carbazole,O=P(O)(O)CCCn1c2ccc(Cl)cc2c2cc(c3ccsc3)ccc21,O=P(O)(O)CCCn1c2ccc(Cl)cc2c2cc(-c3ccsc3)ccc21,True,VSAM-0177
carbazole_C3_Cl/Anisyl,carbazole,C3,phosphonic acid,Cl/Anisyl,mixed-disubstituted carbazole,O=P(O)(O)CCCn1c2ccc(Cl)cc2c2cc(c3ccc(OC)cc3)ccc21,COc1ccc(-c2ccc3c(c2)c2cc(Cl)ccc2n3CCCP(=O)(O)O)cc1,True,VSAM-0178
carbazole_C3_Cl/F-Ph,carbazole,C3,phosphonic acid,Cl/F-Ph,mixed-disubstituted carbazole,O=P(O)(O)CCCn1c2ccc(Cl)cc2c2cc(c3ccc(F)cc3)ccc21,O=P(O)(O)CCCn1c2ccc(Cl)cc2c2cc(-c3ccc(F)cc3)ccc21,True,VSAM-0179
carbazole_C3_Cl/Cl-Ph,carbazole,C3,phosphonic acid,Cl/Cl-Ph,mixed-disubstituted carbazole,O=P(O)(O)CCCn1c2ccc(Cl)cc2c2cc(c3ccc(Cl)cc3)ccc21,O=P(O)(O)CCCn1c2ccc(Cl)cc2c2cc(-c3ccc(Cl)cc3)ccc21,True,VSAM-0180
carbazole_C3_Cl/Me-Ph,carbazole,C3,phosphonic acid,Cl/Me-Ph,mixed-disubstituted carbazole,O=P(O)(O)CCCn1c2ccc(Cl)cc2c2cc(c3ccc(C)cc3)ccc21,Cc1ccc(-c2ccc3c(c2)c2cc(Cl)ccc2n3CCCP(=O)(O)O)cc1,True,VSAM-0181
carbazole_C3_Br/Me,carbazole,C3,phosphonic acid,Br/Me,mixed-disubstituted carbazole,O=P(O)(O)CCCn1c2ccc(Br)cc2c2cc(C)ccc21,Cc1ccc2c(c1)c1cc(Br)ccc1n2CCCP(=O)(O)O,True,VSAM-0182
carbazole_C3_Br/OMe,carbazole,C3,phosphonic acid,Br/OMe,mixed-disubstituted carbazole,O=P(O)(O)CCCn1c2ccc(Br)cc2c2cc(OC)ccc21,COc1ccc2c(c1)c1cc(Br)ccc1n2CCCP(=O)(O)O,True,VSAM-0183
carbazole_C3_Br/CN,carbazole,C3,phosphonic acid,Br/CN,mixed-disubstituted carbazole,O=P(O)(O)CCCn1c2ccc(Br)cc2c2cc(C#N)ccc21,N#Cc1ccc2c(c1)c1cc(Br)ccc1n2CCCP(=O)(O)O,True,VSAM-0184
carbazole_C3_Br/CF3,carbazole,C3,phosphonic acid,Br/CF3,mixed-disubstituted carbazole,O=P(O)(O)CCCn1c2ccc(Br)cc2c2cc(C(F)(F)F)ccc21,O=P(O)(O)CCCn1c2ccc(Br)cc2c2cc(C(F)(F)F)ccc21,True,VSAM-0185
carbazole_C3_Br/Ph,carbazole,C3,phosphonic acid,Br/Ph,mixed-disubstituted carbazole,O=P(O)(O)CCCn1c2ccc(Br)cc2c2cc(c3ccccc3)ccc21,O=P(O)(O)CCCn1c2ccc(Br)cc2c2cc(-c3ccccc3)ccc21,True,VSAM-0186
carbazole_C3_Br/Th,carbazole,C3,phosphonic acid,Br/Th,mixed-disubstituted carbazole,O=P(O)(O)CCCn1c2ccc(Br)cc2c2cc(c3ccsc3)ccc21,O=P(O)(O)CCCn1c2ccc(Br)cc2c2cc(-c3ccsc3)ccc21,True,VSAM-0187
carbazole_C3_Br/Anisyl,carbazole,C3,phosphonic acid,Br/Anisyl,mixed-disubstituted carbazole,O=P(O)(O)CCCn1c2ccc(Br)cc2c2cc(c3ccc(OC)cc3)ccc21,COc1ccc(-c2ccc3c(c2)c2cc(Br)ccc2n3CCCP(=O)(O)O)cc1,True,VSAM-0188
carbazole_C3_Br/F-Ph,carbazole,C3,phosphonic acid,Br/F-Ph,mixed-disubstituted carbazole,O=P(O)(O)CCCn1c2ccc(Br)cc2c2cc(c3ccc(F)cc3)ccc21,O=P(O)(O)CCCn1c2ccc(Br)cc2c2cc(-c3ccc(F)cc3)ccc21,True,VSAM-0189
carbazole_C3_Br/Cl-Ph,carbazole,C3,phosphonic acid,Br/Cl-Ph,mixed-disubstituted carbazole,O=P(O)(O)CCCn1c2ccc(Br)cc2c2cc(c3ccc(Cl)cc3)ccc21,O=P(O)(O)CCCn1c2ccc(Br)cc2c2cc(-c3ccc(Cl)cc3)ccc21,True,VSAM-0190
carbazole_C3_Br/Me-Ph,carbazole,C3,phosphonic acid,Br/Me-Ph,mixed-disubstituted carbazole,O=P(O)(O)CCCn1c2ccc(Br)cc2c2cc(c3ccc(C)cc3)ccc21,Cc1ccc(-c2ccc3c(c2)c2cc(Br)ccc2n3CCCP(=O)(O)O)cc1,True,VSAM-0191
carbazole_C3_Me/OMe,carbazole,C3,phosphonic acid,Me/OMe,mixed-disubstituted carbazole,O=P(O)(O)CCCn1c2ccc(C)cc2c2cc(OC)ccc21,COc1ccc2c(c1)c1cc(C)ccc1n2CCCP(=O)(O)O,True,VSAM-0192
carbazole_C3_Me/CN,carbazole,C3,phosphonic acid,Me/CN,mixed-disubstituted carbazole,O=P(O)(O)CCCn1c2ccc(C)cc2c2cc(C#N)ccc21,Cc1ccc2c(c1)c1cc(C#N)ccc1n2CCCP(=O)(O)O,True,VSAM-0193
carbazole_C3_Me/CF3,carbazole,C3,phosphonic acid,Me/CF3,mixed-disubstituted carbazole,O=P(O)(O)CCCn1c2ccc(C)cc2c2cc(C(F)(F)F)ccc21,Cc1ccc2c(c1)c1cc(C(F)(F)F)ccc1n2CCCP(=O)(O)O,True,VSAM-0194
carbazole_C3_Me/Ph,carbazole,C3,phosphonic acid,Me/Ph,mixed-disubstituted carbazole,O=P(O)(O)CCCn1c2ccc(C)cc2c2cc(c3ccccc3)ccc21,Cc1ccc2c(c1)c1cc(-c3ccccc3)ccc1n2CCCP(=O)(O)O,True,VSAM-0195
carbazole_C3_Me/Th,carbazole,C3,phosphonic acid,Me/Th,mixed-disubstituted carbazole,O=P(O)(O)CCCn1c2ccc(C)cc2c2cc(c3ccsc3)ccc21,Cc1ccc2c(c1)c1cc(-c3ccsc3)ccc1n2CCCP(=O)(O)O,True,VSAM-0196
carbazole_C3_Me/Anisyl,carbazole,C3,phosphonic acid,Me/Anisyl,mixed-disubstituted carbazole,O=P(O)(O)CCCn1c2ccc(C)cc2c2cc(c3ccc(OC)cc3)ccc21,COc1ccc(-c2ccc3c(c2)c2cc(C)ccc2n3CCCP(=O)(O)O)cc1,True,VSAM-0197
carbazole_C3_Me/F-Ph,carbazole,C3,phosphonic acid,Me/F-Ph,mixed-disubstituted carbazole,O=P(O)(O)CCCn1c2ccc(C)cc2c2cc(c3ccc(F)cc3)ccc21,Cc1ccc2c(c1)c1cc(-c3ccc(F)cc3)ccc1n2CCCP(=O)(O)O,True,VSAM-0198
carbazole_C3_Me/Cl-Ph,carbazole,C3,phosphonic acid,Me/Cl-Ph,mixed-disubstituted carbazole,O=P(O)(O)CCCn1c2ccc(C)cc2c2cc(c3ccc(Cl)cc3)ccc21,Cc1ccc2c(c1)c1cc(-c3ccc(Cl)cc3)ccc1n2CCCP(=O)(O)O,True,VSAM-0199
carbazole_C3_Me/Me-Ph,carbazole,C3,phosphonic acid,Me/Me-Ph,mixed-disubstituted carbazole,O=P(O)(O)CCCn1c2ccc(C)cc2c2cc(c3ccc(C)cc3)ccc21,Cc1ccc(-c2ccc3c(c2)c2cc(C)ccc2n3CCCP(=O)(O)O)cc1,True,VSAM-0200
carbazole_C3_OMe/CN,carbazole,C3,phosphonic acid,OMe/CN,mixed-disubstituted carbazole,O=P(O)(O)CCCn1c2ccc(OC)cc2c2cc(C#N)ccc21,COc1ccc2c(c1)c1cc(C#N)ccc1n2CCCP(=O)(O)O,True,VSAM-0201
carbazole_C3_OMe/CF3,carbazole,C3,phosphonic acid,OMe/CF3,mixed-disubstituted carbazole,O=P(O)(O)CCCn1c2ccc(OC)cc2c2cc(C(F)(F)F)ccc21,COc1ccc2c(c1)c1cc(C(F)(F)F)ccc1n2CCCP(=O)(O)O,True,VSAM-0202
carbazole_C3_OMe/Ph,carbazole,C3,phosphonic acid,OMe/Ph,mixed-disubstituted carbazole,O=P(O)(O)CCCn1c2ccc(OC)cc2c2cc(c3ccccc3)ccc21,COc1ccc2c(c1)c1cc(-c3ccccc3)ccc1n2CCCP(=O)(O)O,True,VSAM-0203
carbazole_C3_OMe/Th,carbazole,C3,phosphonic acid,OMe/Th,mixed-disubstituted carbazole,O=P(O)(O)CCCn1c2ccc(OC)cc2c2cc(c3ccsc3)ccc21,COc1ccc2c(c1)c1cc(-c3ccsc3)ccc1n2CCCP(=O)(O)O,True,VSAM-0204
carbazole_C3_OMe/Anisyl,carbazole,C3,phosphonic acid,OMe/Anisyl,mixed-disubstituted carbazole,O=P(O)(O)CCCn1c2ccc(OC)cc2c2cc(c3ccc(OC)cc3)ccc21,COc1ccc(-c2ccc3c(c2)c2cc(OC)ccc2n3CCCP(=O)(O)O)cc1,True,VSAM-0205
carbazole_C3_OMe/F-Ph,carbazole,C3,phosphonic acid,OMe/F-Ph,mixed-disubstituted carbazole,O=P(O)(O)CCCn1c2ccc(OC)cc2c2cc(c3ccc(F)cc3)ccc21,COc1ccc2c(c1)c1cc(-c3ccc(F)cc3)ccc1n2CCCP(=O)(O)O,True,VSAM-0206
carbazole_C3_OMe/Cl-Ph,carbazole,C3,phosphonic acid,OMe/Cl-Ph,mixed-disubstituted carbazole,O=P(O)(O)CCCn1c2ccc(OC)cc2c2cc(c3ccc(Cl)cc3)ccc21,COc1ccc2c(c1)c1cc(-c3ccc(Cl)cc3)ccc1n2CCCP(=O)(O)O,True,VSAM-0207
carbazole_C3_OMe/Me-Ph,carbazole,C3,phosphonic acid,OMe/Me-Ph,mixed-disubstituted carbazole,O=P(O)(O)CCCn1c2ccc(OC)cc2c2cc(c3ccc(C)cc3)ccc21,COc1ccc2c(c1)c1cc(-c3ccc(C)cc3)ccc1n2CCCP(=O)(O)O,True,VSAM-0208
carbazole_C3_CN/CF3,carbazole,C3,phosphonic acid,CN/CF3,mixed-disubstituted carbazole,O=P(O)(O)CCCn1c2ccc(C#N)cc2c2cc(C(F)(F)F)ccc21,N#Cc1ccc2c(c1)c1cc(C(F)(F)F)ccc1n2CCCP(=O)(O)O,True,VSAM-0209
carbazole_C3_CN/Ph,carbazole,C3,phosphonic acid,CN/Ph,mixed-disubstituted carbazole,O=P(O)(O)CCCn1c2ccc(C#N)cc2c2cc(c3ccccc3)ccc21,N#Cc1ccc2c(c1)c1cc(-c3ccccc3)ccc1n2CCCP(=O)(O)O,True,VSAM-0210
carbazole_C3_CN/Th,carbazole,C3,phosphonic acid,CN/Th,mixed-disubstituted carbazole,O=P(O)(O)CCCn1c2ccc(C#N)cc2c2cc(c3ccsc3)ccc21,N#Cc1ccc2c(c1)c1cc(-c3ccsc3)ccc1n2CCCP(=O)(O)O,True,VSAM-0211
carbazole_C3_CN/Anisyl,carbazole,C3,phosphonic acid,CN/Anisyl,mixed-disubstituted carbazole,O=P(O)(O)CCCn1c2ccc(C#N)cc2c2cc(c3ccc(OC)cc3)ccc21,COc1ccc(-c2ccc3c(c2)c2cc(C#N)ccc2n3CCCP(=O)(O)O)cc1,True,VSAM-0212
carbazole_C3_CN/F-Ph,carbazole,C3,phosphonic acid,CN/F-Ph,mixed-disubstituted carbazole,O=P(O)(O)CCCn1c2ccc(C#N)cc2c2cc(c3ccc(F)cc3)ccc21,N#Cc1ccc2c(c1)c1cc(-c3ccc(F)cc3)ccc1n2CCCP(=O)(O)O,True,VSAM-0213
carbazole_C3_CN/Cl-Ph,carbazole,C3,phosphonic acid,CN/Cl-Ph,mixed-disubstituted carbazole,O=P(O)(O)CCCn1c2ccc(C#N)cc2c2cc(c3ccc(Cl)cc3)ccc21,N#Cc1ccc2c(c1)c1cc(-c3ccc(Cl)cc3)ccc1n2CCCP(=O)(O)O,True,VSAM-0214
carbazole_C3_CN/Me-Ph,carbazole,C3,phosphonic acid,CN/Me-Ph,mixed-disubstituted carbazole,O=P(O)(O)CCCn1c2ccc(C#N)cc2c2cc(c3ccc(C)cc3)ccc21,Cc1ccc(-c2ccc3c(c2)c2cc(C#N)ccc2n3CCCP(=O)(O)O)cc1,True,VSAM-0215
carbazole_C3_CF3/Ph,carbazole,C3,phosphonic acid,CF3/Ph,mixed-disubstituted carbazole,O=P(O)(O)CCCn1c2ccc(C(F)(F)F)cc2c2cc(c3ccccc3)ccc21,O=P(O)(O)CCCn1c2ccc(-c3ccccc3)cc2c2cc(C(F)(F)F)ccc21,True,VSAM-0216
carbazole_C3_CF3/Th,carbazole,C3,phosphonic acid,CF3/Th,mixed-disubstituted carbazole,O=P(O)(O)CCCn1c2ccc(C(F)(F)F)cc2c2cc(c3ccsc3)ccc21,O=P(O)(O)CCCn1c2ccc(-c3ccsc3)cc2c2cc(C(F)(F)F)ccc21,True,VSAM-0217
carbazole_C3_CF3/Anisyl,carbazole,C3,phosphonic acid,CF3/Anisyl,mixed-disubstituted carbazole,O=P(O)(O)CCCn1c2ccc(C(F)(F)F)cc2c2cc(c3ccc(OC)cc3)ccc21,COc1ccc(-c2ccc3c(c2)c2cc(C(F)(F)F)ccc2n3CCCP(=O)(O)O)cc1,True,VSAM-0218
carbazole_C3_CF3/F-Ph,carbazole,C3,phosphonic acid,CF3/F-Ph,mixed-disubstituted carbazole,O=P(O)(O)CCCn1c2ccc(C(F)(F)F)cc2c2cc(c3ccc(F)cc3)ccc21,O=P(O)(O)CCCn1c2ccc(-c3ccc(F)cc3)cc2c2cc(C(F)(F)F)ccc21,True,VSAM-0219
carbazole_C3_CF3/Cl-Ph,carbazole,C3,phosphonic acid,CF3/Cl-Ph,mixed-disubstituted carbazole,O=P(O)(O)CCCn1c2ccc(C(F)(F)F)cc2c2cc(c3ccc(Cl)cc3)ccc21,O=P(O)(O)CCCn1c2ccc(-c3ccc(Cl)cc3)cc2c2cc(C(F)(F)F)ccc21,True,VSAM-0220
carbazole_C3_CF3/Me-Ph,carbazole,C3,phosphonic acid,CF3/Me-Ph,mixed-disubstituted carbazole,O=P(O)(O)CCCn1c2ccc(C(F)(F)F)cc2c2cc(c3ccc(C)cc3)ccc21,Cc1ccc(-c2ccc3c(c2)c2cc(C(F)(F)F)ccc2n3CCCP(=O)(O)O)cc1,True,VSAM-0221
carbazole_C3_Ph/Th,carbazole,C3,phosphonic acid,Ph/Th,mixed-disubstituted carbazole,O=P(O)(O)CCCn1c2ccc(c3ccccc3)cc2c2cc(c3ccsc3)ccc21,O=P(O)(O)CCCn1c2ccc(-c3ccccc3)cc2c2cc(-c3ccsc3)ccc21,True,VSAM-0222
carbazole_C3_Ph/Anisyl,carbazole,C3,phosphonic acid,Ph/Anisyl,mixed-disubstituted carbazole,O=P(O)(O)CCCn1c2ccc(c3ccccc3)cc2c2cc(c3ccc(OC)cc3)ccc21,COc1ccc(-c2ccc3c(c2)c2cc(-c4ccccc4)ccc2n3CCCP(=O)(O)O)cc1,True,VSAM-0223
carbazole_C3_Ph/F-Ph,carbazole,C3,phosphonic acid,Ph/F-Ph,mixed-disubstituted carbazole,O=P(O)(O)CCCn1c2ccc(c3ccccc3)cc2c2cc(c3ccc(F)cc3)ccc21,O=P(O)(O)CCCn1c2ccc(-c3ccccc3)cc2c2cc(-c3ccc(F)cc3)ccc21,True,VSAM-0224
carbazole_C3_Ph/Cl-Ph,carbazole,C3,phosphonic acid,Ph/Cl-Ph,mixed-disubstituted carbazole,O=P(O)(O)CCCn1c2ccc(c3ccccc3)cc2c2cc(c3ccc(Cl)cc3)ccc21,O=P(O)(O)CCCn1c2ccc(-c3ccccc3)cc2c2cc(-c3ccc(Cl)cc3)ccc21,True,VSAM-0225
carbazole_C3_Ph/Me-Ph,carbazole,C3,phosphonic acid,Ph/Me-Ph,mixed-disubstituted carbazole,O=P(O)(O)CCCn1c2ccc(c3ccccc3)cc2c2cc(c3ccc(C)cc3)ccc21,Cc1ccc(-c2ccc3c(c2)c2cc(-c4ccccc4)ccc2n3CCCP(=O)(O)O)cc1,True,VSAM-0226
carbazole_C3_Th/Anisyl,carbazole,C3,phosphonic acid,Th/Anisyl,mixed-disubstituted carbazole,O=P(O)(O)CCCn1c2ccc(c3ccsc3)cc2c2cc(c3ccc(OC)cc3)ccc21,COc1ccc(-c2ccc3c(c2)c2cc(-c4ccsc4)ccc2n3CCCP(=O)(O)O)cc1,True,VSAM-0227
carbazole_C3_Th/F-Ph,carbazole,C3,phosphonic acid,Th/F-Ph,mixed-disubstituted carbazole,O=P(O)(O)CCCn1c2ccc(c3ccsc3)cc2c2cc(c3ccc(F)cc3)ccc21,O=P(O)(O)CCCn1c2ccc(-c3ccc(F)cc3)cc2c2cc(-c3ccsc3)ccc21,True,VSAM-0228
carbazole_C3_Th/Cl-Ph,carbazole,C3,phosphonic acid,Th/Cl-Ph,mixed-disubstituted carbazole,O=P(O)(O)CCCn1c2ccc(c3ccsc3)cc2c2cc(c3ccc(Cl)cc3)ccc21,O=P(O)(O)CCCn1c2ccc(-c3ccc(Cl)cc3)cc2c2cc(-c3ccsc3)ccc21,True,VSAM-0229
carbazole_C3_Th/Me-Ph,carbazole,C3,phosphonic acid,Th/Me-Ph,mixed-disubstituted carbazole,O=P(O)(O)CCCn1c2ccc(c3ccsc3)cc2c2cc(c3ccc(C)cc3)ccc21,Cc1ccc(-c2ccc3c(c2)c2cc(-c4ccsc4)ccc2n3CCCP(=O)(O)O)cc1,True,VSAM-0230
carbazole_C3_Anisyl/F-Ph,carbazole,C3,phosphonic acid,Anisyl/F-Ph,mixed-disubstituted carbazole,O=P(O)(O)CCCn1c2ccc(c3ccc(OC)cc3)cc2c2cc(c3ccc(F)cc3)ccc21,COc1ccc(-c2ccc3c(c2)c2cc(-c4ccc(F)cc4)ccc2n3CCCP(=O)(O)O)cc1,True,VSAM-0231
carbazole_C3_Anisyl/Cl-Ph,carbazole,C3,phosphonic acid,Anisyl/Cl-Ph,mixed-disubstituted carbazole,O=P(O)(O)CCCn1c2ccc(c3ccc(OC)cc3)cc2c2cc(c3ccc(Cl)cc3)ccc21,COc1ccc(-c2ccc3c(c2)c2cc(-c4ccc(Cl)cc4)ccc2n3CCCP(=O)(O)O)cc1,True,VSAM-0232
carbazole_C3_Anisyl/Me-Ph,carbazole,C3,phosphonic acid,Anisyl/Me-Ph,mixed-disubstituted carbazole,O=P(O)(O)CCCn1c2ccc(c3ccc(OC)cc3)cc2c2cc(c3ccc(C)cc3)ccc21,COc1ccc(-c2ccc3c(c2)c2cc(-c4ccc(C)cc4)ccc2n3CCCP(=O)(O)O)cc1,True,VSAM-0233
carbazole_C3_F-Ph/Cl-Ph,carbazole,C3,phosphonic acid,F-Ph/Cl-Ph,mixed-disubstituted carbazole,O=P(O)(O)CCCn1c2ccc(c3ccc(F)cc3)cc2c2cc(c3ccc(Cl)cc3)ccc21,O=P(O)(O)CCCn1c2ccc(-c3ccc(F)cc3)cc2c2cc(-c3ccc(Cl)cc3)ccc21,True,VSAM-0234
carbazole_C3_F-Ph/Me-Ph,carbazole,C3,phosphonic acid,F-Ph/Me-Ph,mixed-disubstituted carbazole,O=P(O)(O)CCCn1c2ccc(c3ccc(F)cc3)cc2c2cc(c3ccc(C)cc3)ccc21,Cc1ccc(-c2ccc3c(c2)c2cc(-c4ccc(F)cc4)ccc2n3CCCP(=O)(O)O)cc1,True,VSAM-0235
carbazole_C3_Cl-Ph/Me-Ph,carbazole,C3,phosphonic acid,Cl-Ph/Me-Ph,mixed-disubstituted carbazole,O=P(O)(O)CCCn1c2ccc(c3ccc(Cl)cc3)cc2c2cc(c3ccc(C)cc3)ccc21,Cc1ccc(-c2ccc3c(c2)c2cc(-c4ccc(Cl)cc4)ccc2n3CCCP(=O)(O)O)cc1,True,VSAM-0236
carbazole_C4_H,carbazole,C4,phosphonic acid,H,PACz-like parent,O=P(O)(O)CCCCn1c2ccccc2c2ccccc21,O=P(O)(O)CCCCn1c2ccccc2c2ccccc21,True,VSAM-0237
carbazole_C4_mono-F-A,carbazole,C4,phosphonic acid,mono-F-A,halogenated carbazole,O=P(O)(O)CCCCn1c2ccc(F)cc2c2ccccc21,O=P(O)(O)CCCCn1c2ccccc2c2cc(F)ccc21,True,VSAM-0238
carbazole_C4_mono-F-B,carbazole,C4,phosphonic acid,mono-F-B,halogenated carbazole,O=P(O)(O)CCCCn1c2ccccc2c2ccc(F)cc21,O=P(O)(O)CCCCn1c2ccccc2c2ccc(F)cc21,True,VSAM-0239
carbazole_C4_di-F,carbazole,C4,phosphonic acid,di-F,halogenated carbazole,O=P(O)(O)CCCCn1c2ccc(F)cc2c2cc(F)ccc21,O=P(O)(O)CCCCn1c2ccc(F)cc2c2cc(F)ccc21,True,VSAM-0240
carbazole_C4_mono-Cl-A,carbazole,C4,phosphonic acid,mono-Cl-A,halogenated carbazole,O=P(O)(O)CCCCn1c2ccc(Cl)cc2c2ccccc21,O=P(O)(O)CCCCn1c2ccccc2c2cc(Cl)ccc21,True,VSAM-0241
carbazole_C4_mono-Cl-B,carbazole,C4,phosphonic acid,mono-Cl-B,halogenated carbazole,O=P(O)(O)CCCCn1c2ccccc2c2ccc(Cl)cc21,O=P(O)(O)CCCCn1c2ccccc2c2ccc(Cl)cc21,True,VSAM-0242
carbazole_C4_di-Cl,carbazole,C4,phosphonic acid,di-Cl,halogenated carbazole,O=P(O)(O)CCCCn1c2ccc(Cl)cc2c2cc(Cl)ccc21,O=P(O)(O)CCCCn1c2ccc(Cl)cc2c2cc(Cl)ccc21,True,VSAM-0243
carbazole_C4_mono-Br-A,carbazole,C4,phosphonic acid,mono-Br-A,halogenated carbazole,O=P(O)(O)CCCCn1c2ccc(Br)cc2c2ccccc21,O=P(O)(O)CCCCn1c2ccccc2c2cc(Br)ccc21,True,VSAM-0244
carbazole_C4_mono-Br-B,carbazole,C4,phosphonic acid,mono-Br-B,halogenated carbazole,O=P(O)(O)CCCCn1c2ccccc2c2ccc(Br)cc21,O=P(O)(O)CCCCn1c2ccccc2c2ccc(Br)cc21,True,VSAM-0245
carbazole_C4_di-Br,carbazole,C4,phosphonic acid,di-Br,halogenated carbazole,O=P(O)(O)CCCCn1c2ccc(Br)cc2c2cc(Br)ccc21,O=P(O)(O)CCCCn1c2ccc(Br)cc2c2cc(Br)ccc21,True,VSAM-0246
carbazole_C4_mono-Me-A,carbazole,C4,phosphonic acid,mono-Me-A,alkylated carbazole,O=P(O)(O)CCCCn1c2ccc(C)cc2c2ccccc21,Cc1ccc2c(c1)c1ccccc1n2CCCCP(=O)(O)O,True,VSAM-0247
carbazole_C4_mono-Me-B,carbazole,C4,phosphonic acid,mono-Me-B,alkylated carbazole,O=P(O)(O)CCCCn1c2ccccc2c2ccc(C)cc21,Cc1ccc2c3ccccc3n(CCCCP(=O)(O)O)c2c1,True,VSAM-0248
carbazole_C4_di-Me,carbazole,C4,phosphonic acid,di-Me,alkylated carbazole,O=P(O)(O)CCCCn1c2ccc(C)cc2c2cc(C)ccc21,Cc1ccc2c(c1)c1cc(C)ccc1n2CCCCP(=O)(O)O,True,VSAM-0249
carbazole_C4_mono-OMe-A,carbazole,C4,phosphonic acid,mono-OMe-A,electron-rich carbazole,O=P(O)(O)CCCCn1c2ccc(OC)cc2c2ccccc21,COc1ccc2c(c1)c1ccccc1n2CCCCP(=O)(O)O,True,VSAM-0250
carbazole_C4_mono-OMe-B,carbazole,C4,phosphonic acid,mono-OMe-B,electron-rich carbazole,O=P(O)(O)CCCCn1c2ccccc2c2ccc(OC)cc21,COc1ccc2c3ccccc3n(CCCCP(=O)(O)O)c2c1,True,VSAM-0251
carbazole_C4_di-OMe,carbazole,C4,phosphonic acid,di-OMe,electron-rich carbazole,O=P(O)(O)CCCCn1c2ccc(OC)cc2c2cc(OC)ccc21,COc1ccc2c(c1)c1cc(OC)ccc1n2CCCCP(=O)(O)O,True,VSAM-0252
carbazole_C4_mono-CN-A,carbazole,C4,phosphonic acid,mono-CN-A,electron-withdrawing carbazole,O=P(O)(O)CCCCn1c2ccc(C#N)cc2c2ccccc21,N#Cc1ccc2c(c1)c1ccccc1n2CCCCP(=O)(O)O,True,VSAM-0253
carbazole_C4_mono-CN-B,carbazole,C4,phosphonic acid,mono-CN-B,electron-withdrawing carbazole,O=P(O)(O)CCCCn1c2ccccc2c2ccc(C#N)cc21,N#Cc1ccc2c3ccccc3n(CCCCP(=O)(O)O)c2c1,True,VSAM-0254
carbazole_C4_di-CN,carbazole,C4,phosphonic acid,di-CN,electron-withdrawing carbazole,O=P(O)(O)CCCCn1c2ccc(C#N)cc2c2cc(C#N)ccc21,N#Cc1ccc2c(c1)c1cc(C#N)ccc1n2CCCCP(=O)(O)O,True,VSAM-0255
carbazole_C4_mono-CF3-A,carbazole,C4,phosphonic acid,mono-CF3-A,fluoroalkylated carbazole,O=P(O)(O)CCCCn1c2ccc(C(F)(F)F)cc2c2ccccc21,O=P(O)(O)CCCCn1c2ccccc2c2cc(C(F)(F)F)ccc21,True,VSAM-0256
carbazole_C4_mono-CF3-B,carbazole,C4,phosphonic acid,mono-CF3-B,fluoroalkylated carbazole,O=P(O)(O)CCCCn1c2ccccc2c2ccc(C(F)(F)F)cc21,O=P(O)(O)CCCCn1c2ccccc2c2ccc(C(F)(F)F)cc21,True,VSAM-0257
carbazole_C4_di-CF3,carbazole,C4,phosphonic acid,di-CF3,fluoroalkylated carbazole,O=P(O)(O)CCCCn1c2ccc(C(F)(F)F)cc2c2cc(C(F)(F)F)ccc21,O=P(O)(O)CCCCn1c2ccc(C(F)(F)F)cc2c2cc(C(F)(F)F)ccc21,True,VSAM-0258
carbazole_C4_mono-Ph-A,carbazole,C4,phosphonic acid,mono-Ph-A,aryl-extended carbazole,O=P(O)(O)CCCCn1c2ccc(c3ccccc3)cc2c2ccccc21,O=P(O)(O)CCCCn1c2ccccc2c2cc(-c3ccccc3)ccc21,True,VSAM-0259
carbazole_C4_mono-Ph-B,carbazole,C4,phosphonic acid,mono-Ph-B,aryl-extended carbazole,O=P(O)(O)CCCCn1c2ccccc2c2ccc(c3ccccc3)cc21,O=P(O)(O)CCCCn1c2ccccc2c2ccc(-c3ccccc3)cc21,True,VSAM-0260
carbazole_C4_di-Ph,carbazole,C4,phosphonic acid,di-Ph,aryl-extended carbazole,O=P(O)(O)CCCCn1c2ccc(c3ccccc3)cc2c2cc(c3ccccc3)ccc21,O=P(O)(O)CCCCn1c2ccc(-c3ccccc3)cc2c2cc(-c3ccccc3)ccc21,True,VSAM-0261
carbazole_C4_mono-Th-A,carbazole,C4,phosphonic acid,mono-Th-A,thiophene-extended carbazole,O=P(O)(O)CCCCn1c2ccc(c3ccsc3)cc2c2ccccc21,O=P(O)(O)CCCCn1c2ccccc2c2cc(-c3ccsc3)ccc21,True,VSAM-0262
carbazole_C4_mono-Th-B,carbazole,C4,phosphonic acid,mono-Th-B,thiophene-extended carbazole,O=P(O)(O)CCCCn1c2ccccc2c2ccc(c3ccsc3)cc21,O=P(O)(O)CCCCn1c2ccccc2c2ccc(-c3ccsc3)cc21,True,VSAM-0263
carbazole_C4_di-Th,carbazole,C4,phosphonic acid,di-Th,thiophene-extended carbazole,O=P(O)(O)CCCCn1c2ccc(c3ccsc3)cc2c2cc(c3ccsc3)ccc21,O=P(O)(O)CCCCn1c2ccc(-c3ccsc3)cc2c2cc(-c3ccsc3)ccc21,True,VSAM-0264
carbazole_C4_mono-Anisyl-A,carbazole,C4,phosphonic acid,mono-Anisyl-A,electron-rich aryl-carbazole,O=P(O)(O)CCCCn1c2ccc(c3ccc(OC)cc3)cc2c2ccccc21,COc1ccc(-c2ccc3c(c2)c2ccccc2n3CCCCP(=O)(O)O)cc1,True,VSAM-0265
carbazole_C4_mono-Anisyl-B,carbazole,C4,phosphonic acid,mono-Anisyl-B,electron-rich aryl-carbazole,O=P(O)(O)CCCCn1c2ccccc2c2ccc(c3ccc(OC)cc3)cc21,COc1ccc(-c2ccc3c4ccccc4n(CCCCP(=O)(O)O)c3c2)cc1,True,VSAM-0266
carbazole_C4_di-Anisyl,carbazole,C4,phosphonic acid,di-Anisyl,electron-rich aryl-carbazole,O=P(O)(O)CCCCn1c2ccc(c3ccc(OC)cc3)cc2c2cc(c3ccc(OC)cc3)ccc21,COc1ccc(-c2ccc3c(c2)c2cc(-c4ccc(OC)cc4)ccc2n3CCCCP(=O)(O)O)cc1,True,VSAM-0267
carbazole_C4_mono-F-Ph-A,carbazole,C4,phosphonic acid,mono-F-Ph-A,halogenated aryl-carbazole,O=P(O)(O)CCCCn1c2ccc(c3ccc(F)cc3)cc2c2ccccc21,O=P(O)(O)CCCCn1c2ccccc2c2cc(-c3ccc(F)cc3)ccc21,True,VSAM-0268
carbazole_C4_mono-F-Ph-B,carbazole,C4,phosphonic acid,mono-F-Ph-B,halogenated aryl-carbazole,O=P(O)(O)CCCCn1c2ccccc2c2ccc(c3ccc(F)cc3)cc21,O=P(O)(O)CCCCn1c2ccccc2c2ccc(-c3ccc(F)cc3)cc21,True,VSAM-0269
carbazole_C4_di-F-Ph,carbazole,C4,phosphonic acid,di-F-Ph,halogenated aryl-carbazole,O=P(O)(O)CCCCn1c2ccc(c3ccc(F)cc3)cc2c2cc(c3ccc(F)cc3)ccc21,O=P(O)(O)CCCCn1c2ccc(-c3ccc(F)cc3)cc2c2cc(-c3ccc(F)cc3)ccc21,True,VSAM-0270
carbazole_C4_mono-Cl-Ph-A,carbazole,C4,phosphonic acid,mono-Cl-Ph-A,halogenated aryl-carbazole,O=P(O)(O)CCCCn1c2ccc(c3ccc(Cl)cc3)cc2c2ccccc21,O=P(O)(O)CCCCn1c2ccccc2c2cc(-c3ccc(Cl)cc3)ccc21,True,VSAM-0271
carbazole_C4_mono-Cl-Ph-B,carbazole,C4,phosphonic acid,mono-Cl-Ph-B,halogenated aryl-carbazole,O=P(O)(O)CCCCn1c2ccccc2c2ccc(c3ccc(Cl)cc3)cc21,O=P(O)(O)CCCCn1c2ccccc2c2ccc(-c3ccc(Cl)cc3)cc21,True,VSAM-0272
carbazole_C4_di-Cl-Ph,carbazole,C4,phosphonic acid,di-Cl-Ph,halogenated aryl-carbazole,O=P(O)(O)CCCCn1c2ccc(c3ccc(Cl)cc3)cc2c2cc(c3ccc(Cl)cc3)ccc21,O=P(O)(O)CCCCn1c2ccc(-c3ccc(Cl)cc3)cc2c2cc(-c3ccc(Cl)cc3)ccc21,True,VSAM-0273
carbazole_C4_mono-Me-Ph-A,carbazole,C4,phosphonic acid,mono-Me-Ph-A,alkylaryl carbazole,O=P(O)(O)CCCCn1c2ccc(c3ccc(C)cc3)cc2c2ccccc21,Cc1ccc(-c2ccc3c(c2)c2ccccc2n3CCCCP(=O)(O)O)cc1,True,VSAM-0274
carbazole_C4_mono-Me-Ph-B,carbazole,C4,phosphonic acid,mono-Me-Ph-B,alkylaryl carbazole,O=P(O)(O)CCCCn1c2ccccc2c2ccc(c3ccc(C)cc3)cc21,Cc1ccc(-c2ccc3c4ccccc4n(CCCCP(=O)(O)O)c3c2)cc1,True,VSAM-0275
carbazole_C4_di-Me-Ph,carbazole,C4,phosphonic acid,di-Me-Ph,alkylaryl carbazole,O=P(O)(O)CCCCn1c2ccc(c3ccc(C)cc3)cc2c2cc(c3ccc(C)cc3)ccc21,Cc1ccc(-c2ccc3c(c2)c2cc(-c4ccc(C)cc4)ccc2n3CCCCP(=O)(O)O)cc1,True,VSAM-0276
carbazole_C4_F/Cl,carbazole,C4,phosphonic acid,F/Cl,mixed-disubstituted carbazole,O=P(O)(O)CCCCn1c2ccc(F)cc2c2cc(Cl)ccc21,O=P(O)(O)CCCCn1c2ccc(F)cc2c2cc(Cl)ccc21,True,VSAM-0277
carbazole_C4_F/Br,carbazole,C4,phosphonic acid,F/Br,mixed-disubstituted carbazole,O=P(O)(O)CCCCn1c2ccc(F)cc2c2cc(Br)ccc21,O=P(O)(O)CCCCn1c2ccc(F)cc2c2cc(Br)ccc21,True,VSAM-0278
carbazole_C4_F/Me,carbazole,C4,phosphonic acid,F/Me,mixed-disubstituted carbazole,O=P(O)(O)CCCCn1c2ccc(F)cc2c2cc(C)ccc21,Cc1ccc2c(c1)c1cc(F)ccc1n2CCCCP(=O)(O)O,True,VSAM-0279
carbazole_C4_F/OMe,carbazole,C4,phosphonic acid,F/OMe,mixed-disubstituted carbazole,O=P(O)(O)CCCCn1c2ccc(F)cc2c2cc(OC)ccc21,COc1ccc2c(c1)c1cc(F)ccc1n2CCCCP(=O)(O)O,True,VSAM-0280
carbazole_C4_F/CN,carbazole,C4,phosphonic acid,F/CN,mixed-disubstituted carbazole,O=P(O)(O)CCCCn1c2ccc(F)cc2c2cc(C#N)ccc21,N#Cc1ccc2c(c1)c1cc(F)ccc1n2CCCCP(=O)(O)O,True,VSAM-0281
carbazole_C4_F/CF3,carbazole,C4,phosphonic acid,F/CF3,mixed-disubstituted carbazole,O=P(O)(O)CCCCn1c2ccc(F)cc2c2cc(C(F)(F)F)ccc21,O=P(O)(O)CCCCn1c2ccc(F)cc2c2cc(C(F)(F)F)ccc21,True,VSAM-0282
carbazole_C4_F/Ph,carbazole,C4,phosphonic acid,F/Ph,mixed-disubstituted carbazole,O=P(O)(O)CCCCn1c2ccc(F)cc2c2cc(c3ccccc3)ccc21,O=P(O)(O)CCCCn1c2ccc(F)cc2c2cc(-c3ccccc3)ccc21,True,VSAM-0283
carbazole_C4_F/Th,carbazole,C4,phosphonic acid,F/Th,mixed-disubstituted carbazole,O=P(O)(O)CCCCn1c2ccc(F)cc2c2cc(c3ccsc3)ccc21,O=P(O)(O)CCCCn1c2ccc(F)cc2c2cc(-c3ccsc3)ccc21,True,VSAM-0284
carbazole_C4_F/Anisyl,carbazole,C4,phosphonic acid,F/Anisyl,mixed-disubstituted carbazole,O=P(O)(O)CCCCn1c2ccc(F)cc2c2cc(c3ccc(OC)cc3)ccc21,COc1ccc(-c2ccc3c(c2)c2cc(F)ccc2n3CCCCP(=O)(O)O)cc1,True,VSAM-0285
carbazole_C4_F/F-Ph,carbazole,C4,phosphonic acid,F/F-Ph,mixed-disubstituted carbazole,O=P(O)(O)CCCCn1c2ccc(F)cc2c2cc(c3ccc(F)cc3)ccc21,O=P(O)(O)CCCCn1c2ccc(F)cc2c2cc(-c3ccc(F)cc3)ccc21,True,VSAM-0286
carbazole_C4_F/Cl-Ph,carbazole,C4,phosphonic acid,F/Cl-Ph,mixed-disubstituted carbazole,O=P(O)(O)CCCCn1c2ccc(F)cc2c2cc(c3ccc(Cl)cc3)ccc21,O=P(O)(O)CCCCn1c2ccc(F)cc2c2cc(-c3ccc(Cl)cc3)ccc21,True,VSAM-0287
carbazole_C4_F/Me-Ph,carbazole,C4,phosphonic acid,F/Me-Ph,mixed-disubstituted carbazole,O=P(O)(O)CCCCn1c2ccc(F)cc2c2cc(c3ccc(C)cc3)ccc21,Cc1ccc(-c2ccc3c(c2)c2cc(F)ccc2n3CCCCP(=O)(O)O)cc1,True,VSAM-0288
carbazole_C4_Cl/Br,carbazole,C4,phosphonic acid,Cl/Br,mixed-disubstituted carbazole,O=P(O)(O)CCCCn1c2ccc(Cl)cc2c2cc(Br)ccc21,O=P(O)(O)CCCCn1c2ccc(Cl)cc2c2cc(Br)ccc21,True,VSAM-0289
carbazole_C4_Cl/Me,carbazole,C4,phosphonic acid,Cl/Me,mixed-disubstituted carbazole,O=P(O)(O)CCCCn1c2ccc(Cl)cc2c2cc(C)ccc21,Cc1ccc2c(c1)c1cc(Cl)ccc1n2CCCCP(=O)(O)O,True,VSAM-0290
carbazole_C4_Cl/OMe,carbazole,C4,phosphonic acid,Cl/OMe,mixed-disubstituted carbazole,O=P(O)(O)CCCCn1c2ccc(Cl)cc2c2cc(OC)ccc21,COc1ccc2c(c1)c1cc(Cl)ccc1n2CCCCP(=O)(O)O,True,VSAM-0291
carbazole_C4_Cl/CN,carbazole,C4,phosphonic acid,Cl/CN,mixed-disubstituted carbazole,O=P(O)(O)CCCCn1c2ccc(Cl)cc2c2cc(C#N)ccc21,N#Cc1ccc2c(c1)c1cc(Cl)ccc1n2CCCCP(=O)(O)O,True,VSAM-0292
carbazole_C4_Cl/CF3,carbazole,C4,phosphonic acid,Cl/CF3,mixed-disubstituted carbazole,O=P(O)(O)CCCCn1c2ccc(Cl)cc2c2cc(C(F)(F)F)ccc21,O=P(O)(O)CCCCn1c2ccc(Cl)cc2c2cc(C(F)(F)F)ccc21,True,VSAM-0293
carbazole_C4_Cl/Ph,carbazole,C4,phosphonic acid,Cl/Ph,mixed-disubstituted carbazole,O=P(O)(O)CCCCn1c2ccc(Cl)cc2c2cc(c3ccccc3)ccc21,O=P(O)(O)CCCCn1c2ccc(Cl)cc2c2cc(-c3ccccc3)ccc21,True,VSAM-0294
carbazole_C4_Cl/Th,carbazole,C4,phosphonic acid,Cl/Th,mixed-disubstituted carbazole,O=P(O)(O)CCCCn1c2ccc(Cl)cc2c2cc(c3ccsc3)ccc21,O=P(O)(O)CCCCn1c2ccc(Cl)cc2c2cc(-c3ccsc3)ccc21,True,VSAM-0295
carbazole_C4_Cl/Anisyl,carbazole,C4,phosphonic acid,Cl/Anisyl,mixed-disubstituted carbazole,O=P(O)(O)CCCCn1c2ccc(Cl)cc2c2cc(c3ccc(OC)cc3)ccc21,COc1ccc(-c2ccc3c(c2)c2cc(Cl)ccc2n3CCCCP(=O)(O)O)cc1,True,VSAM-0296
carbazole_C4_Cl/F-Ph,carbazole,C4,phosphonic acid,Cl/F-Ph,mixed-disubstituted carbazole,O=P(O)(O)CCCCn1c2ccc(Cl)cc2c2cc(c3ccc(F)cc3)ccc21,O=P(O)(O)CCCCn1c2ccc(Cl)cc2c2cc(-c3ccc(F)cc3)ccc21,True,VSAM-0297
carbazole_C4_Cl/Cl-Ph,carbazole,C4,phosphonic acid,Cl/Cl-Ph,mixed-disubstituted carbazole,O=P(O)(O)CCCCn1c2ccc(Cl)cc2c2cc(c3ccc(Cl)cc3)ccc21,O=P(O)(O)CCCCn1c2ccc(Cl)cc2c2cc(-c3ccc(Cl)cc3)ccc21,True,VSAM-0298
carbazole_C4_Cl/Me-Ph,carbazole,C4,phosphonic acid,Cl/Me-Ph,mixed-disubstituted carbazole,O=P(O)(O)CCCCn1c2ccc(Cl)cc2c2cc(c3ccc(C)cc3)ccc21,Cc1ccc(-c2ccc3c(c2)c2cc(Cl)ccc2n3CCCCP(=O)(O)O)cc1,True,VSAM-0299
carbazole_C4_Br/Me,carbazole,C4,phosphonic acid,Br/Me,mixed-disubstituted carbazole,O=P(O)(O)CCCCn1c2ccc(Br)cc2c2cc(C)ccc21,Cc1ccc2c(c1)c1cc(Br)ccc1n2CCCCP(=O)(O)O,True,VSAM-0300
carbazole_C4_Br/OMe,carbazole,C4,phosphonic acid,Br/OMe,mixed-disubstituted carbazole,O=P(O)(O)CCCCn1c2ccc(Br)cc2c2cc(OC)ccc21,COc1ccc2c(c1)c1cc(Br)ccc1n2CCCCP(=O)(O)O,True,VSAM-0301
carbazole_C4_Br/CN,carbazole,C4,phosphonic acid,Br/CN,mixed-disubstituted carbazole,O=P(O)(O)CCCCn1c2ccc(Br)cc2c2cc(C#N)ccc21,N#Cc1ccc2c(c1)c1cc(Br)ccc1n2CCCCP(=O)(O)O,True,VSAM-0302
carbazole_C4_Br/CF3,carbazole,C4,phosphonic acid,Br/CF3,mixed-disubstituted carbazole,O=P(O)(O)CCCCn1c2ccc(Br)cc2c2cc(C(F)(F)F)ccc21,O=P(O)(O)CCCCn1c2ccc(Br)cc2c2cc(C(F)(F)F)ccc21,True,VSAM-0303
carbazole_C4_Br/Ph,carbazole,C4,phosphonic acid,Br/Ph,mixed-disubstituted carbazole,O=P(O)(O)CCCCn1c2ccc(Br)cc2c2cc(c3ccccc3)ccc21,O=P(O)(O)CCCCn1c2ccc(Br)cc2c2cc(-c3ccccc3)ccc21,True,VSAM-0304
carbazole_C4_Br/Th,carbazole,C4,phosphonic acid,Br/Th,mixed-disubstituted carbazole,O=P(O)(O)CCCCn1c2ccc(Br)cc2c2cc(c3ccsc3)ccc21,O=P(O)(O)CCCCn1c2ccc(Br)cc2c2cc(-c3ccsc3)ccc21,True,VSAM-0305
carbazole_C4_Br/Anisyl,carbazole,C4,phosphonic acid,Br/Anisyl,mixed-disubstituted carbazole,O=P(O)(O)CCCCn1c2ccc(Br)cc2c2cc(c3ccc(OC)cc3)ccc21,COc1ccc(-c2ccc3c(c2)c2cc(Br)ccc2n3CCCCP(=O)(O)O)cc1,True,VSAM-0306
carbazole_C4_Br/F-Ph,carbazole,C4,phosphonic acid,Br/F-Ph,mixed-disubstituted carbazole,O=P(O)(O)CCCCn1c2ccc(Br)cc2c2cc(c3ccc(F)cc3)ccc21,O=P(O)(O)CCCCn1c2ccc(Br)cc2c2cc(-c3ccc(F)cc3)ccc21,True,VSAM-0307
carbazole_C4_Br/Cl-Ph,carbazole,C4,phosphonic acid,Br/Cl-Ph,mixed-disubstituted carbazole,O=P(O)(O)CCCCn1c2ccc(Br)cc2c2cc(c3ccc(Cl)cc3)ccc21,O=P(O)(O)CCCCn1c2ccc(Br)cc2c2cc(-c3ccc(Cl)cc3)ccc21,True,VSAM-0308
carbazole_C4_Br/Me-Ph,carbazole,C4,phosphonic acid,Br/Me-Ph,mixed-disubstituted carbazole,O=P(O)(O)CCCCn1c2ccc(Br)cc2c2cc(c3ccc(C)cc3)ccc21,Cc1ccc(-c2ccc3c(c2)c2cc(Br)ccc2n3CCCCP(=O)(O)O)cc1,True,VSAM-0309
carbazole_C4_Me/OMe,carbazole,C4,phosphonic acid,Me/OMe,mixed-disubstituted carbazole,O=P(O)(O)CCCCn1c2ccc(C)cc2c2cc(OC)ccc21,COc1ccc2c(c1)c1cc(C)ccc1n2CCCCP(=O)(O)O,True,VSAM-0310
carbazole_C4_Me/CN,carbazole,C4,phosphonic acid,Me/CN,mixed-disubstituted carbazole,O=P(O)(O)CCCCn1c2ccc(C)cc2c2cc(C#N)ccc21,Cc1ccc2c(c1)c1cc(C#N)ccc1n2CCCCP(=O)(O)O,True,VSAM-0311
carbazole_C4_Me/CF3,carbazole,C4,phosphonic acid,Me/CF3,mixed-disubstituted carbazole,O=P(O)(O)CCCCn1c2ccc(C)cc2c2cc(C(F)(F)F)ccc21,Cc1ccc2c(c1)c1cc(C(F)(F)F)ccc1n2CCCCP(=O)(O)O,True,VSAM-0312
carbazole_C4_Me/Ph,carbazole,C4,phosphonic acid,Me/Ph,mixed-disubstituted carbazole,O=P(O)(O)CCCCn1c2ccc(C)cc2c2cc(c3ccccc3)ccc21,Cc1ccc2c(c1)c1cc(-c3ccccc3)ccc1n2CCCCP(=O)(O)O,True,VSAM-0313
carbazole_C4_Me/Th,carbazole,C4,phosphonic acid,Me/Th,mixed-disubstituted carbazole,O=P(O)(O)CCCCn1c2ccc(C)cc2c2cc(c3ccsc3)ccc21,Cc1ccc2c(c1)c1cc(-c3ccsc3)ccc1n2CCCCP(=O)(O)O,True,VSAM-0314
carbazole_C4_Me/Anisyl,carbazole,C4,phosphonic acid,Me/Anisyl,mixed-disubstituted carbazole,O=P(O)(O)CCCCn1c2ccc(C)cc2c2cc(c3ccc(OC)cc3)ccc21,COc1ccc(-c2ccc3c(c2)c2cc(C)ccc2n3CCCCP(=O)(O)O)cc1,True,VSAM-0315
carbazole_C4_Me/F-Ph,carbazole,C4,phosphonic acid,Me/F-Ph,mixed-disubstituted carbazole,O=P(O)(O)CCCCn1c2ccc(C)cc2c2cc(c3ccc(F)cc3)ccc21,Cc1ccc2c(c1)c1cc(-c3ccc(F)cc3)ccc1n2CCCCP(=O)(O)O,True,VSAM-0316
carbazole_C4_Me/Cl-Ph,carbazole,C4,phosphonic acid,Me/Cl-Ph,mixed-disubstituted carbazole,O=P(O)(O)CCCCn1c2ccc(C)cc2c2cc(c3ccc(Cl)cc3)ccc21,Cc1ccc2c(c1)c1cc(-c3ccc(Cl)cc3)ccc1n2CCCCP(=O)(O)O,True,VSAM-0317
carbazole_C4_Me/Me-Ph,carbazole,C4,phosphonic acid,Me/Me-Ph,mixed-disubstituted carbazole,O=P(O)(O)CCCCn1c2ccc(C)cc2c2cc(c3ccc(C)cc3)ccc21,Cc1ccc(-c2ccc3c(c2)c2cc(C)ccc2n3CCCCP(=O)(O)O)cc1,True,VSAM-0318
carbazole_C4_OMe/CN,carbazole,C4,phosphonic acid,OMe/CN,mixed-disubstituted carbazole,O=P(O)(O)CCCCn1c2ccc(OC)cc2c2cc(C#N)ccc21,COc1ccc2c(c1)c1cc(C#N)ccc1n2CCCCP(=O)(O)O,True,VSAM-0319
carbazole_C4_OMe/CF3,carbazole,C4,phosphonic acid,OMe/CF3,mixed-disubstituted carbazole,O=P(O)(O)CCCCn1c2ccc(OC)cc2c2cc(C(F)(F)F)ccc21,COc1ccc2c(c1)c1cc(C(F)(F)F)ccc1n2CCCCP(=O)(O)O,True,VSAM-0320
carbazole_C4_OMe/Ph,carbazole,C4,phosphonic acid,OMe/Ph,mixed-disubstituted carbazole,O=P(O)(O)CCCCn1c2ccc(OC)cc2c2cc(c3ccccc3)ccc21,COc1ccc2c(c1)c1cc(-c3ccccc3)ccc1n2CCCCP(=O)(O)O,True,VSAM-0321
carbazole_C4_OMe/Th,carbazole,C4,phosphonic acid,OMe/Th,mixed-disubstituted carbazole,O=P(O)(O)CCCCn1c2ccc(OC)cc2c2cc(c3ccsc3)ccc21,COc1ccc2c(c1)c1cc(-c3ccsc3)ccc1n2CCCCP(=O)(O)O,True,VSAM-0322
carbazole_C4_OMe/Anisyl,carbazole,C4,phosphonic acid,OMe/Anisyl,mixed-disubstituted carbazole,O=P(O)(O)CCCCn1c2ccc(OC)cc2c2cc(c3ccc(OC)cc3)ccc21,COc1ccc(-c2ccc3c(c2)c2cc(OC)ccc2n3CCCCP(=O)(O)O)cc1,True,VSAM-0323
carbazole_C4_OMe/F-Ph,carbazole,C4,phosphonic acid,OMe/F-Ph,mixed-disubstituted carbazole,O=P(O)(O)CCCCn1c2ccc(OC)cc2c2cc(c3ccc(F)cc3)ccc21,COc1ccc2c(c1)c1cc(-c3ccc(F)cc3)ccc1n2CCCCP(=O)(O)O,True,VSAM-0324
carbazole_C4_OMe/Cl-Ph,carbazole,C4,phosphonic acid,OMe/Cl-Ph,mixed-disubstituted carbazole,O=P(O)(O)CCCCn1c2ccc(OC)cc2c2cc(c3ccc(Cl)cc3)ccc21,COc1ccc2c(c1)c1cc(-c3ccc(Cl)cc3)ccc1n2CCCCP(=O)(O)O,True,VSAM-0325
carbazole_C4_OMe/Me-Ph,carbazole,C4,phosphonic acid,OMe/Me-Ph,mixed-disubstituted carbazole,O=P(O)(O)CCCCn1c2ccc(OC)cc2c2cc(c3ccc(C)cc3)ccc21,COc1ccc2c(c1)c1cc(-c3ccc(C)cc3)ccc1n2CCCCP(=O)(O)O,True,VSAM-0326
carbazole_C4_CN/CF3,carbazole,C4,phosphonic acid,CN/CF3,mixed-disubstituted carbazole,O=P(O)(O)CCCCn1c2ccc(C#N)cc2c2cc(C(F)(F)F)ccc21,N#Cc1ccc2c(c1)c1cc(C(F)(F)F)ccc1n2CCCCP(=O)(O)O,True,VSAM-0327
carbazole_C4_CN/Ph,carbazole,C4,phosphonic acid,CN/Ph,mixed-disubstituted carbazole,O=P(O)(O)CCCCn1c2ccc(C#N)cc2c2cc(c3ccccc3)ccc21,N#Cc1ccc2c(c1)c1cc(-c3ccccc3)ccc1n2CCCCP(=O)(O)O,True,VSAM-0328
carbazole_C4_CN/Th,carbazole,C4,phosphonic acid,CN/Th,mixed-disubstituted carbazole,O=P(O)(O)CCCCn1c2ccc(C#N)cc2c2cc(c3ccsc3)ccc21,N#Cc1ccc2c(c1)c1cc(-c3ccsc3)ccc1n2CCCCP(=O)(O)O,True,VSAM-0329
carbazole_C4_CN/Anisyl,carbazole,C4,phosphonic acid,CN/Anisyl,mixed-disubstituted carbazole,O=P(O)(O)CCCCn1c2ccc(C#N)cc2c2cc(c3ccc(OC)cc3)ccc21,COc1ccc(-c2ccc3c(c2)c2cc(C#N)ccc2n3CCCCP(=O)(O)O)cc1,True,VSAM-0330
carbazole_C4_CN/F-Ph,carbazole,C4,phosphonic acid,CN/F-Ph,mixed-disubstituted carbazole,O=P(O)(O)CCCCn1c2ccc(C#N)cc2c2cc(c3ccc(F)cc3)ccc21,N#Cc1ccc2c(c1)c1cc(-c3ccc(F)cc3)ccc1n2CCCCP(=O)(O)O,True,VSAM-0331
carbazole_C4_CN/Cl-Ph,carbazole,C4,phosphonic acid,CN/Cl-Ph,mixed-disubstituted carbazole,O=P(O)(O)CCCCn1c2ccc(C#N)cc2c2cc(c3ccc(Cl)cc3)ccc21,N#Cc1ccc2c(c1)c1cc(-c3ccc(Cl)cc3)ccc1n2CCCCP(=O)(O)O,True,VSAM-0332
carbazole_C4_CN/Me-Ph,carbazole,C4,phosphonic acid,CN/Me-Ph,mixed-disubstituted carbazole,O=P(O)(O)CCCCn1c2ccc(C#N)cc2c2cc(c3ccc(C)cc3)ccc21,Cc1ccc(-c2ccc3c(c2)c2cc(C#N)ccc2n3CCCCP(=O)(O)O)cc1,True,VSAM-0333
carbazole_C4_CF3/Ph,carbazole,C4,phosphonic acid,CF3/Ph,mixed-disubstituted carbazole,O=P(O)(O)CCCCn1c2ccc(C(F)(F)F)cc2c2cc(c3ccccc3)ccc21,O=P(O)(O)CCCCn1c2ccc(-c3ccccc3)cc2c2cc(C(F)(F)F)ccc21,True,VSAM-0334
carbazole_C4_CF3/Th,carbazole,C4,phosphonic acid,CF3/Th,mixed-disubstituted carbazole,O=P(O)(O)CCCCn1c2ccc(C(F)(F)F)cc2c2cc(c3ccsc3)ccc21,O=P(O)(O)CCCCn1c2ccc(-c3ccsc3)cc2c2cc(C(F)(F)F)ccc21,True,VSAM-0335
carbazole_C4_CF3/Anisyl,carbazole,C4,phosphonic acid,CF3/Anisyl,mixed-disubstituted carbazole,O=P(O)(O)CCCCn1c2ccc(C(F)(F)F)cc2c2cc(c3ccc(OC)cc3)ccc21,COc1ccc(-c2ccc3c(c2)c2cc(C(F)(F)F)ccc2n3CCCCP(=O)(O)O)cc1,True,VSAM-0336
carbazole_C4_CF3/F-Ph,carbazole,C4,phosphonic acid,CF3/F-Ph,mixed-disubstituted carbazole,O=P(O)(O)CCCCn1c2ccc(C(F)(F)F)cc2c2cc(c3ccc(F)cc3)ccc21,O=P(O)(O)CCCCn1c2ccc(-c3ccc(F)cc3)cc2c2cc(C(F)(F)F)ccc21,True,VSAM-0337
carbazole_C4_CF3/Cl-Ph,carbazole,C4,phosphonic acid,CF3/Cl-Ph,mixed-disubstituted carbazole,O=P(O)(O)CCCCn1c2ccc(C(F)(F)F)cc2c2cc(c3ccc(Cl)cc3)ccc21,O=P(O)(O)CCCCn1c2ccc(-c3ccc(Cl)cc3)cc2c2cc(C(F)(F)F)ccc21,True,VSAM-0338
carbazole_C4_CF3/Me-Ph,carbazole,C4,phosphonic acid,CF3/Me-Ph,mixed-disubstituted carbazole,O=P(O)(O)CCCCn1c2ccc(C(F)(F)F)cc2c2cc(c3ccc(C)cc3)ccc21,Cc1ccc(-c2ccc3c(c2)c2cc(C(F)(F)F)ccc2n3CCCCP(=O)(O)O)cc1,True,VSAM-0339
carbazole_C4_Ph/Th,carbazole,C4,phosphonic acid,Ph/Th,mixed-disubstituted carbazole,O=P(O)(O)CCCCn1c2ccc(c3ccccc3)cc2c2cc(c3ccsc3)ccc21,O=P(O)(O)CCCCn1c2ccc(-c3ccccc3)cc2c2cc(-c3ccsc3)ccc21,True,VSAM-0340
carbazole_C4_Ph/Anisyl,carbazole,C4,phosphonic acid,Ph/Anisyl,mixed-disubstituted carbazole,O=P(O)(O)CCCCn1c2ccc(c3ccccc3)cc2c2cc(c3ccc(OC)cc3)ccc21,COc1ccc(-c2ccc3c(c2)c2cc(-c4ccccc4)ccc2n3CCCCP(=O)(O)O)cc1,True,VSAM-0341
carbazole_C4_Ph/F-Ph,carbazole,C4,phosphonic acid,Ph/F-Ph,mixed-disubstituted carbazole,O=P(O)(O)CCCCn1c2ccc(c3ccccc3)cc2c2cc(c3ccc(F)cc3)ccc21,O=P(O)(O)CCCCn1c2ccc(-c3ccccc3)cc2c2cc(-c3ccc(F)cc3)ccc21,True,VSAM-0342
carbazole_C4_Ph/Cl-Ph,carbazole,C4,phosphonic acid,Ph/Cl-Ph,mixed-disubstituted carbazole,O=P(O)(O)CCCCn1c2ccc(c3ccccc3)cc2c2cc(c3ccc(Cl)cc3)ccc21,O=P(O)(O)CCCCn1c2ccc(-c3ccccc3)cc2c2cc(-c3ccc(Cl)cc3)ccc21,True,VSAM-0343
carbazole_C4_Ph/Me-Ph,carbazole,C4,phosphonic acid,Ph/Me-Ph,mixed-disubstituted carbazole,O=P(O)(O)CCCCn1c2ccc(c3ccccc3)cc2c2cc(c3ccc(C)cc3)ccc21,Cc1ccc(-c2ccc3c(c2)c2cc(-c4ccccc4)ccc2n3CCCCP(=O)(O)O)cc1,True,VSAM-0344
carbazole_C4_Th/Anisyl,carbazole,C4,phosphonic acid,Th/Anisyl,mixed-disubstituted carbazole,O=P(O)(O)CCCCn1c2ccc(c3ccsc3)cc2c2cc(c3ccc(OC)cc3)ccc21,COc1ccc(-c2ccc3c(c2)c2cc(-c4ccsc4)ccc2n3CCCCP(=O)(O)O)cc1,True,VSAM-0345
carbazole_C4_Th/F-Ph,carbazole,C4,phosphonic acid,Th/F-Ph,mixed-disubstituted carbazole,O=P(O)(O)CCCCn1c2ccc(c3ccsc3)cc2c2cc(c3ccc(F)cc3)ccc21,O=P(O)(O)CCCCn1c2ccc(-c3ccc(F)cc3)cc2c2cc(-c3ccsc3)ccc21,True,VSAM-0346
carbazole_C4_Th/Cl-Ph,carbazole,C4,phosphonic acid,Th/Cl-Ph,mixed-disubstituted carbazole,O=P(O)(O)CCCCn1c2ccc(c3ccsc3)cc2c2cc(c3ccc(Cl)cc3)ccc21,O=P(O)(O)CCCCn1c2ccc(-c3ccc(Cl)cc3)cc2c2cc(-c3ccsc3)ccc21,True,VSAM-0347
carbazole_C4_Th/Me-Ph,carbazole,C4,phosphonic acid,Th/Me-Ph,mixed-disubstituted carbazole,O=P(O)(O)CCCCn1c2ccc(c3ccsc3)cc2c2cc(c3ccc(C)cc3)ccc21,Cc1ccc(-c2ccc3c(c2)c2cc(-c4ccsc4)ccc2n3CCCCP(=O)(O)O)cc1,True,VSAM-0348
carbazole_C4_Anisyl/F-Ph,carbazole,C4,phosphonic acid,Anisyl/F-Ph,mixed-disubstituted carbazole,O=P(O)(O)CCCCn1c2ccc(c3ccc(OC)cc3)cc2c2cc(c3ccc(F)cc3)ccc21,COc1ccc(-c2ccc3c(c2)c2cc(-c4ccc(F)cc4)ccc2n3CCCCP(=O)(O)O)cc1,True,VSAM-0349
carbazole_C4_Anisyl/Cl-Ph,carbazole,C4,phosphonic acid,Anisyl/Cl-Ph,mixed-disubstituted carbazole,O=P(O)(O)CCCCn1c2ccc(c3ccc(OC)cc3)cc2c2cc(c3ccc(Cl)cc3)ccc21,COc1ccc(-c2ccc3c(c2)c2cc(-c4ccc(Cl)cc4)ccc2n3CCCCP(=O)(O)O)cc1,True,VSAM-0350
carbazole_C4_Anisyl/Me-Ph,carbazole,C4,phosphonic acid,Anisyl/Me-Ph,mixed-disubstituted carbazole,O=P(O)(O)CCCCn1c2ccc(c3ccc(OC)cc3)cc2c2cc(c3ccc(C)cc3)ccc21,COc1ccc(-c2ccc3c(c2)c2cc(-c4ccc(C)cc4)ccc2n3CCCCP(=O)(O)O)cc1,True,VSAM-0351
carbazole_C4_F-Ph/Cl-Ph,carbazole,C4,phosphonic acid,F-Ph/Cl-Ph,mixed-disubstituted carbazole,O=P(O)(O)CCCCn1c2ccc(c3ccc(F)cc3)cc2c2cc(c3ccc(Cl)cc3)ccc21,O=P(O)(O)CCCCn1c2ccc(-c3ccc(F)cc3)cc2c2cc(-c3ccc(Cl)cc3)ccc21,True,VSAM-0352
carbazole_C4_F-Ph/Me-Ph,carbazole,C4,phosphonic acid,F-Ph/Me-Ph,mixed-disubstituted carbazole,O=P(O)(O)CCCCn1c2ccc(c3ccc(F)cc3)cc2c2cc(c3ccc(C)cc3)ccc21,Cc1ccc(-c2ccc3c(c2)c2cc(-c4ccc(F)cc4)ccc2n3CCCCP(=O)(O)O)cc1,True,VSAM-0353
carbazole_C4_Cl-Ph/Me-Ph,carbazole,C4,phosphonic acid,Cl-Ph/Me-Ph,mixed-disubstituted carbazole,O=P(O)(O)CCCCn1c2ccc(c3ccc(Cl)cc3)cc2c2cc(c3ccc(C)cc3)ccc21,Cc1ccc(-c2ccc3c(c2)c2cc(-c4ccc(Cl)cc4)ccc2n3CCCCP(=O)(O)O)cc1,True,VSAM-0354
dimethoxy-carbazole_C2_di-OMe,dimethoxy-carbazole,C2,phosphonic acid,di-OMe,electron-rich carbazole,COc1ccc2c(c1)c1ccc(OC)cc1n2CCP(=O)(O)O,COc1ccc2c(c1)c1ccc(OC)cc1n2CCP(=O)(O)O,True,VSAM-0355
dimethyl-carbazole_C2_di-Me,dimethyl-carbazole,C2,phosphonic acid,di-Me,alkylated carbazole,Cc1ccc2c(c1)c1ccc(C)cc1n2CCP(=O)(O)O,Cc1ccc2c(c1)c1ccc(C)cc1n2CCP(=O)(O)O,True,VSAM-0356
benzocarbazole_C2_anisyl,benzocarbazole,C2,phosphonic acid,anisyl,fused-aryl carbazole,COc1cc(OC)cc(-c2ccc3c(c2)c2c4ccccc4ccc2n3CCP(=O)(O)O)c1,COc1cc(OC)cc(-c2ccc3c(c2)c2c4ccccc4ccc2n3CCP(=O)(O)O)c1,True,VSAM-0357
dimethoxy-carbazole_C3_di-OMe,dimethoxy-carbazole,C3,phosphonic acid,di-OMe,electron-rich carbazole,COc1ccc2c(c1)c1ccc(OC)cc1n2CCCP(=O)(O)O,COc1ccc2c(c1)c1ccc(OC)cc1n2CCCP(=O)(O)O,True,VSAM-0358
dimethyl-carbazole_C3_di-Me,dimethyl-carbazole,C3,phosphonic acid,di-Me,alkylated carbazole,Cc1ccc2c(c1)c1ccc(C)cc1n2CCCP(=O)(O)O,Cc1ccc2c(c1)c1ccc(C)cc1n2CCCP(=O)(O)O,True,VSAM-0359
benzocarbazole_C3_anisyl,benzocarbazole,C3,phosphonic acid,anisyl,fused-aryl carbazole,COc1cc(OC)cc(-c2ccc3c(c2)c2c4ccccc4ccc2n3CCCP(=O)(O)O)c1,COc1cc(OC)cc(-c2ccc3c(c2)c2c4ccccc4ccc2n3CCCP(=O)(O)O)c1,True,VSAM-0360
dimethoxy-carbazole_C4_di-OMe,dimethoxy-carbazole,C4,phosphonic acid,di-OMe,electron-rich carbazole,COc1ccc2c(c1)c1ccc(OC)cc1n2CCCCP(=O)(O)O,COc1ccc2c(c1)c1ccc(OC)cc1n2CCCCP(=O)(O)O,True,VSAM-0361
dimethyl-carbazole_C4_di-Me,dimethyl-carbazole,C4,phosphonic acid,di-Me,alkylated carbazole,Cc1ccc2c(c1)c1ccc(C)cc1n2CCCCP(=O)(O)O,Cc1ccc2c(c1)c1ccc(C)cc1n2CCCCP(=O)(O)O,True,VSAM-0362
benzocarbazole_C4_anisyl,benzocarbazole,C4,phosphonic acid,anisyl,fused-aryl carbazole,COc1cc(OC)cc(-c2ccc3c(c2)c2c4ccccc4ccc2n3CCCCP(=O)(O)O)c1,COc1cc(OC)cc(-c2ccc3c(c2)c2c4ccccc4ccc2n3CCCCP(=O)(O)O)c1,True,VSAM-0363
alkyl acid_C4_C4-chain,alkyl acid,C4,carboxylic acid,C4-chain,negative-control acid,CCCCC(=O)O,CCCCC(=O)O,True,VSAM-0364
alkyl acid_C6_C6-chain,alkyl acid,C6,carboxylic acid,C6-chain,negative-control acid,CCCCCCC(=O)O,CCCCCCC(=O)O,True,VSAM-0365
alkyl acid_C8_C8-chain,alkyl acid,C8,carboxylic acid,C8-chain,negative-control acid,CCCCCCCCC(=O)O,CCCCCCCCC(=O)O,True,VSAM-0366
fluoroalkyl acid_long-chain_trifluoroalkyl,fluoroalkyl acid,long-chain,carboxylic acid,trifluoroalkyl,negative-control acid,O=C(O)CCCCCCCC(F)(F)F,O=C(O)CCCCCCCC(F)(F)F,True,VSAM-0367
phenyl acid_aryl_benzoic-acid,phenyl acid,aryl,carboxylic acid,benzoic-acid,negative-control acid,O=C(O)c1ccccc1,O=C(O)c1ccccc1,True,VSAM-0368
thiophene acid_aryl_thiophene-acid,thiophene acid,aryl,carboxylic acid,thiophene-acid,negative-control acid,O=C(O)c1ccsc1,O=C(O)c1ccsc1,True,VSAM-0369
