candidate_id,candidate_name,core,spacer,anchor,substituent,design_family,smiles,canonical_smiles
VSAM-L0001,carbazole_C2_H,carbazole,C2,phosphonic acid,H,PACz-like parent,O=P(O)(O)CCn1c2ccccc2c2ccccc21,O=P(O)(O)CCn1c2ccccc2c2ccccc21
VSAM-L0002,carbazole_C2_mono-F-A,carbazole,C2,phosphonic acid,mono-F-A,halogenated carbazole,O=P(O)(O)CCn1c2ccc(F)cc2c2ccccc21,O=P(O)(O)CCn1c2ccccc2c2cc(F)ccc21
VSAM-L0003,carbazole_C2_mono-F-B,carbazole,C2,phosphonic acid,mono-F-B,halogenated carbazole,O=P(O)(O)CCn1c2ccccc2c2ccc(F)cc21,O=P(O)(O)CCn1c2ccccc2c2ccc(F)cc21
VSAM-L0004,carbazole_C2_di-F,carbazole,C2,phosphonic acid,di-F,halogenated carbazole,O=P(O)(O)CCn1c2ccc(F)cc2c2cc(F)ccc21,O=P(O)(O)CCn1c2ccc(F)cc2c2cc(F)ccc21
VSAM-L0005,carbazole_C2_mono-Cl-A,carbazole,C2,phosphonic acid,mono-Cl-A,halogenated carbazole,O=P(O)(O)CCn1c2ccc(Cl)cc2c2ccccc21,O=P(O)(O)CCn1c2ccccc2c2cc(Cl)ccc21
VSAM-L0006,carbazole_C2_mono-Cl-B,carbazole,C2,phosphonic acid,mono-Cl-B,halogenated carbazole,O=P(O)(O)CCn1c2ccccc2c2ccc(Cl)cc21,O=P(O)(O)CCn1c2ccccc2c2ccc(Cl)cc21
VSAM-L0007,carbazole_C2_di-Cl,carbazole,C2,phosphonic acid,di-Cl,halogenated carbazole,O=P(O)(O)CCn1c2ccc(Cl)cc2c2cc(Cl)ccc21,O=P(O)(O)CCn1c2ccc(Cl)cc2c2cc(Cl)ccc21
VSAM-L0008,carbazole_C2_mono-Br-A,carbazole,C2,phosphonic acid,mono-Br-A,halogenated carbazole,O=P(O)(O)CCn1c2ccc(Br)cc2c2ccccc21,O=P(O)(O)CCn1c2ccccc2c2cc(Br)ccc21
VSAM-L0009,carbazole_C2_mono-Br-B,carbazole,C2,phosphonic acid,mono-Br-B,halogenated carbazole,O=P(O)(O)CCn1c2ccccc2c2ccc(Br)cc21,O=P(O)(O)CCn1c2ccccc2c2ccc(Br)cc21
VSAM-L0010,carbazole_C2_di-Br,carbazole,C2,phosphonic acid,di-Br,halogenated carbazole,O=P(O)(O)CCn1c2ccc(Br)cc2c2cc(Br)ccc21,O=P(O)(O)CCn1c2ccc(Br)cc2c2cc(Br)ccc21
VSAM-L0011,carbazole_C2_mono-Me-A,carbazole,C2,phosphonic acid,mono-Me-A,alkylated carbazole,O=P(O)(O)CCn1c2ccc(C)cc2c2ccccc21,Cc1ccc2c(c1)c1ccccc1n2CCP(=O)(O)O
VSAM-L0012,carbazole_C2_mono-Me-B,carbazole,C2,phosphonic acid,mono-Me-B,alkylated carbazole,O=P(O)(O)CCn1c2ccccc2c2ccc(C)cc21,Cc1ccc2c3ccccc3n(CCP(=O)(O)O)c2c1
VSAM-L0013,carbazole_C2_di-Me,carbazole,C2,phosphonic acid,di-Me,alkylated carbazole,O=P(O)(O)CCn1c2ccc(C)cc2c2cc(C)ccc21,Cc1ccc2c(c1)c1cc(C)ccc1n2CCP(=O)(O)O
VSAM-L0014,carbazole_C2_mono-OMe-A,carbazole,C2,phosphonic acid,mono-OMe-A,electron-rich carbazole,O=P(O)(O)CCn1c2ccc(OC)cc2c2ccccc21,COc1ccc2c(c1)c1ccccc1n2CCP(=O)(O)O
VSAM-L0015,carbazole_C2_mono-OMe-B,carbazole,C2,phosphonic acid,mono-OMe-B,electron-rich carbazole,O=P(O)(O)CCn1c2ccccc2c2ccc(OC)cc21,COc1ccc2c3ccccc3n(CCP(=O)(O)O)c2c1
VSAM-L0016,carbazole_C2_di-OMe,carbazole,C2,phosphonic acid,di-OMe,electron-rich carbazole,O=P(O)(O)CCn1c2ccc(OC)cc2c2cc(OC)ccc21,COc1ccc2c(c1)c1cc(OC)ccc1n2CCP(=O)(O)O
VSAM-L0017,carbazole_C2_mono-CN-A,carbazole,C2,phosphonic acid,mono-CN-A,electron-withdrawing carbazole,O=P(O)(O)CCn1c2ccc(C#N)cc2c2ccccc21,N#Cc1ccc2c(c1)c1ccccc1n2CCP(=O)(O)O
VSAM-L0018,carbazole_C2_mono-CN-B,carbazole,C2,phosphonic acid,mono-CN-B,electron-withdrawing carbazole,O=P(O)(O)CCn1c2ccccc2c2ccc(C#N)cc21,N#Cc1ccc2c3ccccc3n(CCP(=O)(O)O)c2c1
VSAM-L0019,carbazole_C2_di-CN,carbazole,C2,phosphonic acid,di-CN,electron-withdrawing carbazole,O=P(O)(O)CCn1c2ccc(C#N)cc2c2cc(C#N)ccc21,N#Cc1ccc2c(c1)c1cc(C#N)ccc1n2CCP(=O)(O)O
VSAM-L0020,carbazole_C2_mono-CF3-A,carbazole,C2,phosphonic acid,mono-CF3-A,fluoroalkylated carbazole,O=P(O)(O)CCn1c2ccc(C(F)(F)F)cc2c2ccccc21,O=P(O)(O)CCn1c2ccccc2c2cc(C(F)(F)F)ccc21
VSAM-L0021,carbazole_C2_mono-CF3-B,carbazole,C2,phosphonic acid,mono-CF3-B,fluoroalkylated carbazole,O=P(O)(O)CCn1c2ccccc2c2ccc(C(F)(F)F)cc21,O=P(O)(O)CCn1c2ccccc2c2ccc(C(F)(F)F)cc21
VSAM-L0022,carbazole_C2_di-CF3,carbazole,C2,phosphonic acid,di-CF3,fluoroalkylated carbazole,O=P(O)(O)CCn1c2ccc(C(F)(F)F)cc2c2cc(C(F)(F)F)ccc21,O=P(O)(O)CCn1c2ccc(C(F)(F)F)cc2c2cc(C(F)(F)F)ccc21
VSAM-L0023,carbazole_C2_mono-Ph-A,carbazole,C2,phosphonic acid,mono-Ph-A,aryl-extended carbazole,O=P(O)(O)CCn1c2ccc(c3ccccc3)cc2c2ccccc21,O=P(O)(O)CCn1c2ccccc2c2cc(-c3ccccc3)ccc21
VSAM-L0024,carbazole_C2_mono-Ph-B,carbazole,C2,phosphonic acid,mono-Ph-B,aryl-extended carbazole,O=P(O)(O)CCn1c2ccccc2c2ccc(c3ccccc3)cc21,O=P(O)(O)CCn1c2ccccc2c2ccc(-c3ccccc3)cc21
VSAM-L0025,carbazole_C2_di-Ph,carbazole,C2,phosphonic acid,di-Ph,aryl-extended carbazole,O=P(O)(O)CCn1c2ccc(c3ccccc3)cc2c2cc(c3ccccc3)ccc21,O=P(O)(O)CCn1c2ccc(-c3ccccc3)cc2c2cc(-c3ccccc3)ccc21
VSAM-L0026,carbazole_C2_mono-Th-A,carbazole,C2,phosphonic acid,mono-Th-A,thiophene-extended carbazole,O=P(O)(O)CCn1c2ccc(c3ccsc3)cc2c2ccccc21,O=P(O)(O)CCn1c2ccccc2c2cc(-c3ccsc3)ccc21
VSAM-L0027,carbazole_C2_mono-Th-B,carbazole,C2,phosphonic acid,mono-Th-B,thiophene-extended carbazole,O=P(O)(O)CCn1c2ccccc2c2ccc(c3ccsc3)cc21,O=P(O)(O)CCn1c2ccccc2c2ccc(-c3ccsc3)cc21
VSAM-L0028,carbazole_C2_di-Th,carbazole,C2,phosphonic acid,di-Th,thiophene-extended carbazole,O=P(O)(O)CCn1c2ccc(c3ccsc3)cc2c2cc(c3ccsc3)ccc21,O=P(O)(O)CCn1c2ccc(-c3ccsc3)cc2c2cc(-c3ccsc3)ccc21
VSAM-L0029,carbazole_C2_mono-Anisyl-A,carbazole,C2,phosphonic acid,mono-Anisyl-A,electron-rich aryl-carbazole,O=P(O)(O)CCn1c2ccc(c3ccc(OC)cc3)cc2c2ccccc21,COc1ccc(-c2ccc3c(c2)c2ccccc2n3CCP(=O)(O)O)cc1
VSAM-L0030,carbazole_C2_mono-Anisyl-B,carbazole,C2,phosphonic acid,mono-Anisyl-B,electron-rich aryl-carbazole,O=P(O)(O)CCn1c2ccccc2c2ccc(c3ccc(OC)cc3)cc21,COc1ccc(-c2ccc3c4ccccc4n(CCP(=O)(O)O)c3c2)cc1
VSAM-L0031,carbazole_C2_di-Anisyl,carbazole,C2,phosphonic acid,di-Anisyl,electron-rich aryl-carbazole,O=P(O)(O)CCn1c2ccc(c3ccc(OC)cc3)cc2c2cc(c3ccc(OC)cc3)ccc21,COc1ccc(-c2ccc3c(c2)c2cc(-c4ccc(OC)cc4)ccc2n3CCP(=O)(O)O)cc1
VSAM-L0032,carbazole_C2_mono-F-Ph-A,carbazole,C2,phosphonic acid,mono-F-Ph-A,halogenated aryl-carbazole,O=P(O)(O)CCn1c2ccc(c3ccc(F)cc3)cc2c2ccccc21,O=P(O)(O)CCn1c2ccccc2c2cc(-c3ccc(F)cc3)ccc21
VSAM-L0033,carbazole_C2_mono-F-Ph-B,carbazole,C2,phosphonic acid,mono-F-Ph-B,halogenated aryl-carbazole,O=P(O)(O)CCn1c2ccccc2c2ccc(c3ccc(F)cc3)cc21,O=P(O)(O)CCn1c2ccccc2c2ccc(-c3ccc(F)cc3)cc21
VSAM-L0034,carbazole_C2_di-F-Ph,carbazole,C2,phosphonic acid,di-F-Ph,halogenated aryl-carbazole,O=P(O)(O)CCn1c2ccc(c3ccc(F)cc3)cc2c2cc(c3ccc(F)cc3)ccc21,O=P(O)(O)CCn1c2ccc(-c3ccc(F)cc3)cc2c2cc(-c3ccc(F)cc3)ccc21
VSAM-L0035,carbazole_C2_mono-Cl-Ph-A,carbazole,C2,phosphonic acid,mono-Cl-Ph-A,halogenated aryl-carbazole,O=P(O)(O)CCn1c2ccc(c3ccc(Cl)cc3)cc2c2ccccc21,O=P(O)(O)CCn1c2ccccc2c2cc(-c3ccc(Cl)cc3)ccc21
VSAM-L0036,carbazole_C2_mono-Cl-Ph-B,carbazole,C2,phosphonic acid,mono-Cl-Ph-B,halogenated aryl-carbazole,O=P(O)(O)CCn1c2ccccc2c2ccc(c3ccc(Cl)cc3)cc21,O=P(O)(O)CCn1c2ccccc2c2ccc(-c3ccc(Cl)cc3)cc21
VSAM-L0037,carbazole_C2_di-Cl-Ph,carbazole,C2,phosphonic acid,di-Cl-Ph,halogenated aryl-carbazole,O=P(O)(O)CCn1c2ccc(c3ccc(Cl)cc3)cc2c2cc(c3ccc(Cl)cc3)ccc21,O=P(O)(O)CCn1c2ccc(-c3ccc(Cl)cc3)cc2c2cc(-c3ccc(Cl)cc3)ccc21
VSAM-L0038,carbazole_C2_mono-Me-Ph-A,carbazole,C2,phosphonic acid,mono-Me-Ph-A,alkylaryl carbazole,O=P(O)(O)CCn1c2ccc(c3ccc(C)cc3)cc2c2ccccc21,Cc1ccc(-c2ccc3c(c2)c2ccccc2n3CCP(=O)(O)O)cc1
VSAM-L0039,carbazole_C2_mono-Me-Ph-B,carbazole,C2,phosphonic acid,mono-Me-Ph-B,alkylaryl carbazole,O=P(O)(O)CCn1c2ccccc2c2ccc(c3ccc(C)cc3)cc21,Cc1ccc(-c2ccc3c4ccccc4n(CCP(=O)(O)O)c3c2)cc1
VSAM-L0040,carbazole_C2_di-Me-Ph,carbazole,C2,phosphonic acid,di-Me-Ph,alkylaryl carbazole,O=P(O)(O)CCn1c2ccc(c3ccc(C)cc3)cc2c2cc(c3ccc(C)cc3)ccc21,Cc1ccc(-c2ccc3c(c2)c2cc(-c4ccc(C)cc4)ccc2n3CCP(=O)(O)O)cc1
VSAM-L0041,carbazole_C2_F/Cl,carbazole,C2,phosphonic acid,F/Cl,mixed-disubstituted carbazole,O=P(O)(O)CCn1c2ccc(F)cc2c2cc(Cl)ccc21,O=P(O)(O)CCn1c2ccc(F)cc2c2cc(Cl)ccc21
VSAM-L0042,carbazole_C2_F/Br,carbazole,C2,phosphonic acid,F/Br,mixed-disubstituted carbazole,O=P(O)(O)CCn1c2ccc(F)cc2c2cc(Br)ccc21,O=P(O)(O)CCn1c2ccc(F)cc2c2cc(Br)ccc21
VSAM-L0043,carbazole_C2_F/Me,carbazole,C2,phosphonic acid,F/Me,mixed-disubstituted carbazole,O=P(O)(O)CCn1c2ccc(F)cc2c2cc(C)ccc21,Cc1ccc2c(c1)c1cc(F)ccc1n2CCP(=O)(O)O
VSAM-L0044,carbazole_C2_F/OMe,carbazole,C2,phosphonic acid,F/OMe,mixed-disubstituted carbazole,O=P(O)(O)CCn1c2ccc(F)cc2c2cc(OC)ccc21,COc1ccc2c(c1)c1cc(F)ccc1n2CCP(=O)(O)O
VSAM-L0045,carbazole_C2_F/CN,carbazole,C2,phosphonic acid,F/CN,mixed-disubstituted carbazole,O=P(O)(O)CCn1c2ccc(F)cc2c2cc(C#N)ccc21,N#Cc1ccc2c(c1)c1cc(F)ccc1n2CCP(=O)(O)O
VSAM-L0046,carbazole_C2_F/CF3,carbazole,C2,phosphonic acid,F/CF3,mixed-disubstituted carbazole,O=P(O)(O)CCn1c2ccc(F)cc2c2cc(C(F)(F)F)ccc21,O=P(O)(O)CCn1c2ccc(F)cc2c2cc(C(F)(F)F)ccc21
VSAM-L0047,carbazole_C2_F/Ph,carbazole,C2,phosphonic acid,F/Ph,mixed-disubstituted carbazole,O=P(O)(O)CCn1c2ccc(F)cc2c2cc(c3ccccc3)ccc21,O=P(O)(O)CCn1c2ccc(F)cc2c2cc(-c3ccccc3)ccc21
VSAM-L0048,carbazole_C2_F/Th,carbazole,C2,phosphonic acid,F/Th,mixed-disubstituted carbazole,O=P(O)(O)CCn1c2ccc(F)cc2c2cc(c3ccsc3)ccc21,O=P(O)(O)CCn1c2ccc(F)cc2c2cc(-c3ccsc3)ccc21
VSAM-L0049,carbazole_C2_F/Anisyl,carbazole,C2,phosphonic acid,F/Anisyl,mixed-disubstituted carbazole,O=P(O)(O)CCn1c2ccc(F)cc2c2cc(c3ccc(OC)cc3)ccc21,COc1ccc(-c2ccc3c(c2)c2cc(F)ccc2n3CCP(=O)(O)O)cc1
VSAM-L0050,carbazole_C2_F/F-Ph,carbazole,C2,phosphonic acid,F/F-Ph,mixed-disubstituted carbazole,O=P(O)(O)CCn1c2ccc(F)cc2c2cc(c3ccc(F)cc3)ccc21,O=P(O)(O)CCn1c2ccc(F)cc2c2cc(-c3ccc(F)cc3)ccc21
VSAM-L0051,carbazole_C2_F/Cl-Ph,carbazole,C2,phosphonic acid,F/Cl-Ph,mixed-disubstituted carbazole,O=P(O)(O)CCn1c2ccc(F)cc2c2cc(c3ccc(Cl)cc3)ccc21,O=P(O)(O)CCn1c2ccc(F)cc2c2cc(-c3ccc(Cl)cc3)ccc21
VSAM-L0052,carbazole_C2_F/Me-Ph,carbazole,C2,phosphonic acid,F/Me-Ph,mixed-disubstituted carbazole,O=P(O)(O)CCn1c2ccc(F)cc2c2cc(c3ccc(C)cc3)ccc21,Cc1ccc(-c2ccc3c(c2)c2cc(F)ccc2n3CCP(=O)(O)O)cc1
VSAM-L0053,carbazole_C2_Cl/Br,carbazole,C2,phosphonic acid,Cl/Br,mixed-disubstituted carbazole,O=P(O)(O)CCn1c2ccc(Cl)cc2c2cc(Br)ccc21,O=P(O)(O)CCn1c2ccc(Cl)cc2c2cc(Br)ccc21
VSAM-L0054,carbazole_C2_Cl/Me,carbazole,C2,phosphonic acid,Cl/Me,mixed-disubstituted carbazole,O=P(O)(O)CCn1c2ccc(Cl)cc2c2cc(C)ccc21,Cc1ccc2c(c1)c1cc(Cl)ccc1n2CCP(=O)(O)O
VSAM-L0055,carbazole_C2_Cl/OMe,carbazole,C2,phosphonic acid,Cl/OMe,mixed-disubstituted carbazole,O=P(O)(O)CCn1c2ccc(Cl)cc2c2cc(OC)ccc21,COc1ccc2c(c1)c1cc(Cl)ccc1n2CCP(=O)(O)O
VSAM-L0056,carbazole_C2_Cl/CN,carbazole,C2,phosphonic acid,Cl/CN,mixed-disubstituted carbazole,O=P(O)(O)CCn1c2ccc(Cl)cc2c2cc(C#N)ccc21,N#Cc1ccc2c(c1)c1cc(Cl)ccc1n2CCP(=O)(O)O
VSAM-L0057,carbazole_C2_Cl/CF3,carbazole,C2,phosphonic acid,Cl/CF3,mixed-disubstituted carbazole,O=P(O)(O)CCn1c2ccc(Cl)cc2c2cc(C(F)(F)F)ccc21,O=P(O)(O)CCn1c2ccc(Cl)cc2c2cc(C(F)(F)F)ccc21
VSAM-L0058,carbazole_C2_Cl/Ph,carbazole,C2,phosphonic acid,Cl/Ph,mixed-disubstituted carbazole,O=P(O)(O)CCn1c2ccc(Cl)cc2c2cc(c3ccccc3)ccc21,O=P(O)(O)CCn1c2ccc(Cl)cc2c2cc(-c3ccccc3)ccc21
VSAM-L0059,carbazole_C2_Cl/Th,carbazole,C2,phosphonic acid,Cl/Th,mixed-disubstituted carbazole,O=P(O)(O)CCn1c2ccc(Cl)cc2c2cc(c3ccsc3)ccc21,O=P(O)(O)CCn1c2ccc(Cl)cc2c2cc(-c3ccsc3)ccc21
VSAM-L0060,carbazole_C2_Cl/Anisyl,carbazole,C2,phosphonic acid,Cl/Anisyl,mixed-disubstituted carbazole,O=P(O)(O)CCn1c2ccc(Cl)cc2c2cc(c3ccc(OC)cc3)ccc21,COc1ccc(-c2ccc3c(c2)c2cc(Cl)ccc2n3CCP(=O)(O)O)cc1
VSAM-L0061,carbazole_C2_Cl/F-Ph,carbazole,C2,phosphonic acid,Cl/F-Ph,mixed-disubstituted carbazole,O=P(O)(O)CCn1c2ccc(Cl)cc2c2cc(c3ccc(F)cc3)ccc21,O=P(O)(O)CCn1c2ccc(Cl)cc2c2cc(-c3ccc(F)cc3)ccc21
VSAM-L0062,carbazole_C2_Cl/Cl-Ph,carbazole,C2,phosphonic acid,Cl/Cl-Ph,mixed-disubstituted carbazole,O=P(O)(O)CCn1c2ccc(Cl)cc2c2cc(c3ccc(Cl)cc3)ccc21,O=P(O)(O)CCn1c2ccc(Cl)cc2c2cc(-c3ccc(Cl)cc3)ccc21
VSAM-L0063,carbazole_C2_Cl/Me-Ph,carbazole,C2,phosphonic acid,Cl/Me-Ph,mixed-disubstituted carbazole,O=P(O)(O)CCn1c2ccc(Cl)cc2c2cc(c3ccc(C)cc3)ccc21,Cc1ccc(-c2ccc3c(c2)c2cc(Cl)ccc2n3CCP(=O)(O)O)cc1
VSAM-L0064,carbazole_C2_Br/Me,carbazole,C2,phosphonic acid,Br/Me,mixed-disubstituted carbazole,O=P(O)(O)CCn1c2ccc(Br)cc2c2cc(C)ccc21,Cc1ccc2c(c1)c1cc(Br)ccc1n2CCP(=O)(O)O
VSAM-L0065,carbazole_C2_Br/OMe,carbazole,C2,phosphonic acid,Br/OMe,mixed-disubstituted carbazole,O=P(O)(O)CCn1c2ccc(Br)cc2c2cc(OC)ccc21,COc1ccc2c(c1)c1cc(Br)ccc1n2CCP(=O)(O)O
VSAM-L0066,carbazole_C2_Br/CN,carbazole,C2,phosphonic acid,Br/CN,mixed-disubstituted carbazole,O=P(O)(O)CCn1c2ccc(Br)cc2c2cc(C#N)ccc21,N#Cc1ccc2c(c1)c1cc(Br)ccc1n2CCP(=O)(O)O
VSAM-L0067,carbazole_C2_Br/CF3,carbazole,C2,phosphonic acid,Br/CF3,mixed-disubstituted carbazole,O=P(O)(O)CCn1c2ccc(Br)cc2c2cc(C(F)(F)F)ccc21,O=P(O)(O)CCn1c2ccc(Br)cc2c2cc(C(F)(F)F)ccc21
VSAM-L0068,carbazole_C2_Br/Ph,carbazole,C2,phosphonic acid,Br/Ph,mixed-disubstituted carbazole,O=P(O)(O)CCn1c2ccc(Br)cc2c2cc(c3ccccc3)ccc21,O=P(O)(O)CCn1c2ccc(Br)cc2c2cc(-c3ccccc3)ccc21
VSAM-L0069,carbazole_C2_Br/Th,carbazole,C2,phosphonic acid,Br/Th,mixed-disubstituted carbazole,O=P(O)(O)CCn1c2ccc(Br)cc2c2cc(c3ccsc3)ccc21,O=P(O)(O)CCn1c2ccc(Br)cc2c2cc(-c3ccsc3)ccc21
VSAM-L0070,carbazole_C2_Br/Anisyl,carbazole,C2,phosphonic acid,Br/Anisyl,mixed-disubstituted carbazole,O=P(O)(O)CCn1c2ccc(Br)cc2c2cc(c3ccc(OC)cc3)ccc21,COc1ccc(-c2ccc3c(c2)c2cc(Br)ccc2n3CCP(=O)(O)O)cc1
VSAM-L0071,carbazole_C2_Br/F-Ph,carbazole,C2,phosphonic acid,Br/F-Ph,mixed-disubstituted carbazole,O=P(O)(O)CCn1c2ccc(Br)cc2c2cc(c3ccc(F)cc3)ccc21,O=P(O)(O)CCn1c2ccc(Br)cc2c2cc(-c3ccc(F)cc3)ccc21
VSAM-L0072,carbazole_C2_Br/Cl-Ph,carbazole,C2,phosphonic acid,Br/Cl-Ph,mixed-disubstituted carbazole,O=P(O)(O)CCn1c2ccc(Br)cc2c2cc(c3ccc(Cl)cc3)ccc21,O=P(O)(O)CCn1c2ccc(Br)cc2c2cc(-c3ccc(Cl)cc3)ccc21
VSAM-L0073,carbazole_C2_Br/Me-Ph,carbazole,C2,phosphonic acid,Br/Me-Ph,mixed-disubstituted carbazole,O=P(O)(O)CCn1c2ccc(Br)cc2c2cc(c3ccc(C)cc3)ccc21,Cc1ccc(-c2ccc3c(c2)c2cc(Br)ccc2n3CCP(=O)(O)O)cc1
VSAM-L0074,carbazole_C2_Me/OMe,carbazole,C2,phosphonic acid,Me/OMe,mixed-disubstituted carbazole,O=P(O)(O)CCn1c2ccc(C)cc2c2cc(OC)ccc21,COc1ccc2c(c1)c1cc(C)ccc1n2CCP(=O)(O)O
VSAM-L0075,carbazole_C2_Me/CN,carbazole,C2,phosphonic acid,Me/CN,mixed-disubstituted carbazole,O=P(O)(O)CCn1c2ccc(C)cc2c2cc(C#N)ccc21,Cc1ccc2c(c1)c1cc(C#N)ccc1n2CCP(=O)(O)O
VSAM-L0076,carbazole_C2_Me/CF3,carbazole,C2,phosphonic acid,Me/CF3,mixed-disubstituted carbazole,O=P(O)(O)CCn1c2ccc(C)cc2c2cc(C(F)(F)F)ccc21,Cc1ccc2c(c1)c1cc(C(F)(F)F)ccc1n2CCP(=O)(O)O
VSAM-L0077,carbazole_C2_Me/Ph,carbazole,C2,phosphonic acid,Me/Ph,mixed-disubstituted carbazole,O=P(O)(O)CCn1c2ccc(C)cc2c2cc(c3ccccc3)ccc21,Cc1ccc2c(c1)c1cc(-c3ccccc3)ccc1n2CCP(=O)(O)O
VSAM-L0078,carbazole_C2_Me/Th,carbazole,C2,phosphonic acid,Me/Th,mixed-disubstituted carbazole,O=P(O)(O)CCn1c2ccc(C)cc2c2cc(c3ccsc3)ccc21,Cc1ccc2c(c1)c1cc(-c3ccsc3)ccc1n2CCP(=O)(O)O
VSAM-L0079,carbazole_C2_Me/Anisyl,carbazole,C2,phosphonic acid,Me/Anisyl,mixed-disubstituted carbazole,O=P(O)(O)CCn1c2ccc(C)cc2c2cc(c3ccc(OC)cc3)ccc21,COc1ccc(-c2ccc3c(c2)c2cc(C)ccc2n3CCP(=O)(O)O)cc1
VSAM-L0080,carbazole_C2_Me/F-Ph,carbazole,C2,phosphonic acid,Me/F-Ph,mixed-disubstituted carbazole,O=P(O)(O)CCn1c2ccc(C)cc2c2cc(c3ccc(F)cc3)ccc21,Cc1ccc2c(c1)c1cc(-c3ccc(F)cc3)ccc1n2CCP(=O)(O)O
VSAM-L0081,carbazole_C2_Me/Cl-Ph,carbazole,C2,phosphonic acid,Me/Cl-Ph,mixed-disubstituted carbazole,O=P(O)(O)CCn1c2ccc(C)cc2c2cc(c3ccc(Cl)cc3)ccc21,Cc1ccc2c(c1)c1cc(-c3ccc(Cl)cc3)ccc1n2CCP(=O)(O)O
VSAM-L0082,carbazole_C2_Me/Me-Ph,carbazole,C2,phosphonic acid,Me/Me-Ph,mixed-disubstituted carbazole,O=P(O)(O)CCn1c2ccc(C)cc2c2cc(c3ccc(C)cc3)ccc21,Cc1ccc(-c2ccc3c(c2)c2cc(C)ccc2n3CCP(=O)(O)O)cc1
VSAM-L0083,carbazole_C2_OMe/CN,carbazole,C2,phosphonic acid,OMe/CN,mixed-disubstituted carbazole,O=P(O)(O)CCn1c2ccc(OC)cc2c2cc(C#N)ccc21,COc1ccc2c(c1)c1cc(C#N)ccc1n2CCP(=O)(O)O
VSAM-L0084,carbazole_C2_OMe/CF3,carbazole,C2,phosphonic acid,OMe/CF3,mixed-disubstituted carbazole,O=P(O)(O)CCn1c2ccc(OC)cc2c2cc(C(F)(F)F)ccc21,COc1ccc2c(c1)c1cc(C(F)(F)F)ccc1n2CCP(=O)(O)O
VSAM-L0085,carbazole_C2_OMe/Ph,carbazole,C2,phosphonic acid,OMe/Ph,mixed-disubstituted carbazole,O=P(O)(O)CCn1c2ccc(OC)cc2c2cc(c3ccccc3)ccc21,COc1ccc2c(c1)c1cc(-c3ccccc3)ccc1n2CCP(=O)(O)O
VSAM-L0086,carbazole_C2_OMe/Th,carbazole,C2,phosphonic acid,OMe/Th,mixed-disubstituted carbazole,O=P(O)(O)CCn1c2ccc(OC)cc2c2cc(c3ccsc3)ccc21,COc1ccc2c(c1)c1cc(-c3ccsc3)ccc1n2CCP(=O)(O)O
VSAM-L0087,carbazole_C2_OMe/Anisyl,carbazole,C2,phosphonic acid,OMe/Anisyl,mixed-disubstituted carbazole,O=P(O)(O)CCn1c2ccc(OC)cc2c2cc(c3ccc(OC)cc3)ccc21,COc1ccc(-c2ccc3c(c2)c2cc(OC)ccc2n3CCP(=O)(O)O)cc1
VSAM-L0088,carbazole_C2_OMe/F-Ph,carbazole,C2,phosphonic acid,OMe/F-Ph,mixed-disubstituted carbazole,O=P(O)(O)CCn1c2ccc(OC)cc2c2cc(c3ccc(F)cc3)ccc21,COc1ccc2c(c1)c1cc(-c3ccc(F)cc3)ccc1n2CCP(=O)(O)O
VSAM-L0089,carbazole_C2_OMe/Cl-Ph,carbazole,C2,phosphonic acid,OMe/Cl-Ph,mixed-disubstituted carbazole,O=P(O)(O)CCn1c2ccc(OC)cc2c2cc(c3ccc(Cl)cc3)ccc21,COc1ccc2c(c1)c1cc(-c3ccc(Cl)cc3)ccc1n2CCP(=O)(O)O
VSAM-L0090,carbazole_C2_OMe/Me-Ph,carbazole,C2,phosphonic acid,OMe/Me-Ph,mixed-disubstituted carbazole,O=P(O)(O)CCn1c2ccc(OC)cc2c2cc(c3ccc(C)cc3)ccc21,COc1ccc2c(c1)c1cc(-c3ccc(C)cc3)ccc1n2CCP(=O)(O)O
VSAM-L0091,carbazole_C2_CN/CF3,carbazole,C2,phosphonic acid,CN/CF3,mixed-disubstituted carbazole,O=P(O)(O)CCn1c2ccc(C#N)cc2c2cc(C(F)(F)F)ccc21,N#Cc1ccc2c(c1)c1cc(C(F)(F)F)ccc1n2CCP(=O)(O)O
VSAM-L0092,carbazole_C2_CN/Ph,carbazole,C2,phosphonic acid,CN/Ph,mixed-disubstituted carbazole,O=P(O)(O)CCn1c2ccc(C#N)cc2c2cc(c3ccccc3)ccc21,N#Cc1ccc2c(c1)c1cc(-c3ccccc3)ccc1n2CCP(=O)(O)O
VSAM-L0093,carbazole_C2_CN/Th,carbazole,C2,phosphonic acid,CN/Th,mixed-disubstituted carbazole,O=P(O)(O)CCn1c2ccc(C#N)cc2c2cc(c3ccsc3)ccc21,N#Cc1ccc2c(c1)c1cc(-c3ccsc3)ccc1n2CCP(=O)(O)O
VSAM-L0094,carbazole_C2_CN/Anisyl,carbazole,C2,phosphonic acid,CN/Anisyl,mixed-disubstituted carbazole,O=P(O)(O)CCn1c2ccc(C#N)cc2c2cc(c3ccc(OC)cc3)ccc21,COc1ccc(-c2ccc3c(c2)c2cc(C#N)ccc2n3CCP(=O)(O)O)cc1
VSAM-L0095,carbazole_C2_CN/F-Ph,carbazole,C2,phosphonic acid,CN/F-Ph,mixed-disubstituted carbazole,O=P(O)(O)CCn1c2ccc(C#N)cc2c2cc(c3ccc(F)cc3)ccc21,N#Cc1ccc2c(c1)c1cc(-c3ccc(F)cc3)ccc1n2CCP(=O)(O)O
VSAM-L0096,carbazole_C2_CN/Cl-Ph,carbazole,C2,phosphonic acid,CN/Cl-Ph,mixed-disubstituted carbazole,O=P(O)(O)CCn1c2ccc(C#N)cc2c2cc(c3ccc(Cl)cc3)ccc21,N#Cc1ccc2c(c1)c1cc(-c3ccc(Cl)cc3)ccc1n2CCP(=O)(O)O
VSAM-L0097,carbazole_C2_CN/Me-Ph,carbazole,C2,phosphonic acid,CN/Me-Ph,mixed-disubstituted carbazole,O=P(O)(O)CCn1c2ccc(C#N)cc2c2cc(c3ccc(C)cc3)ccc21,Cc1ccc(-c2ccc3c(c2)c2cc(C#N)ccc2n3CCP(=O)(O)O)cc1
VSAM-L0098,carbazole_C2_CF3/Ph,carbazole,C2,phosphonic acid,CF3/Ph,mixed-disubstituted carbazole,O=P(O)(O)CCn1c2ccc(C(F)(F)F)cc2c2cc(c3ccccc3)ccc21,O=P(O)(O)CCn1c2ccc(-c3ccccc3)cc2c2cc(C(F)(F)F)ccc21
VSAM-L0099,carbazole_C2_CF3/Th,carbazole,C2,phosphonic acid,CF3/Th,mixed-disubstituted carbazole,O=P(O)(O)CCn1c2ccc(C(F)(F)F)cc2c2cc(c3ccsc3)ccc21,O=P(O)(O)CCn1c2ccc(-c3ccsc3)cc2c2cc(C(F)(F)F)ccc21
VSAM-L0100,carbazole_C2_CF3/Anisyl,carbazole,C2,phosphonic acid,CF3/Anisyl,mixed-disubstituted carbazole,O=P(O)(O)CCn1c2ccc(C(F)(F)F)cc2c2cc(c3ccc(OC)cc3)ccc21,COc1ccc(-c2ccc3c(c2)c2cc(C(F)(F)F)ccc2n3CCP(=O)(O)O)cc1
VSAM-L0101,carbazole_C2_CF3/F-Ph,carbazole,C2,phosphonic acid,CF3/F-Ph,mixed-disubstituted carbazole,O=P(O)(O)CCn1c2ccc(C(F)(F)F)cc2c2cc(c3ccc(F)cc3)ccc21,O=P(O)(O)CCn1c2ccc(-c3ccc(F)cc3)cc2c2cc(C(F)(F)F)ccc21
VSAM-L0102,carbazole_C2_CF3/Cl-Ph,carbazole,C2,phosphonic acid,CF3/Cl-Ph,mixed-disubstituted carbazole,O=P(O)(O)CCn1c2ccc(C(F)(F)F)cc2c2cc(c3ccc(Cl)cc3)ccc21,O=P(O)(O)CCn1c2ccc(-c3ccc(Cl)cc3)cc2c2cc(C(F)(F)F)ccc21
VSAM-L0103,carbazole_C2_CF3/Me-Ph,carbazole,C2,phosphonic acid,CF3/Me-Ph,mixed-disubstituted carbazole,O=P(O)(O)CCn1c2ccc(C(F)(F)F)cc2c2cc(c3ccc(C)cc3)ccc21,Cc1ccc(-c2ccc3c(c2)c2cc(C(F)(F)F)ccc2n3CCP(=O)(O)O)cc1
VSAM-L0104,carbazole_C2_Ph/Th,carbazole,C2,phosphonic acid,Ph/Th,mixed-disubstituted carbazole,O=P(O)(O)CCn1c2ccc(c3ccccc3)cc2c2cc(c3ccsc3)ccc21,O=P(O)(O)CCn1c2ccc(-c3ccccc3)cc2c2cc(-c3ccsc3)ccc21
VSAM-L0105,carbazole_C2_Ph/Anisyl,carbazole,C2,phosphonic acid,Ph/Anisyl,mixed-disubstituted carbazole,O=P(O)(O)CCn1c2ccc(c3ccccc3)cc2c2cc(c3ccc(OC)cc3)ccc21,COc1ccc(-c2ccc3c(c2)c2cc(-c4ccccc4)ccc2n3CCP(=O)(O)O)cc1
VSAM-L0106,carbazole_C2_Ph/F-Ph,carbazole,C2,phosphonic acid,Ph/F-Ph,mixed-disubstituted carbazole,O=P(O)(O)CCn1c2ccc(c3ccccc3)cc2c2cc(c3ccc(F)cc3)ccc21,O=P(O)(O)CCn1c2ccc(-c3ccccc3)cc2c2cc(-c3ccc(F)cc3)ccc21
VSAM-L0107,carbazole_C2_Ph/Cl-Ph,carbazole,C2,phosphonic acid,Ph/Cl-Ph,mixed-disubstituted carbazole,O=P(O)(O)CCn1c2ccc(c3ccccc3)cc2c2cc(c3ccc(Cl)cc3)ccc21,O=P(O)(O)CCn1c2ccc(-c3ccccc3)cc2c2cc(-c3ccc(Cl)cc3)ccc21
VSAM-L0108,carbazole_C2_Ph/Me-Ph,carbazole,C2,phosphonic acid,Ph/Me-Ph,mixed-disubstituted carbazole,O=P(O)(O)CCn1c2ccc(c3ccccc3)cc2c2cc(c3ccc(C)cc3)ccc21,Cc1ccc(-c2ccc3c(c2)c2cc(-c4ccccc4)ccc2n3CCP(=O)(O)O)cc1
VSAM-L0109,carbazole_C2_Th/Anisyl,carbazole,C2,phosphonic acid,Th/Anisyl,mixed-disubstituted carbazole,O=P(O)(O)CCn1c2ccc(c3ccsc3)cc2c2cc(c3ccc(OC)cc3)ccc21,COc1ccc(-c2ccc3c(c2)c2cc(-c4ccsc4)ccc2n3CCP(=O)(O)O)cc1
VSAM-L0110,carbazole_C2_Th/F-Ph,carbazole,C2,phosphonic acid,Th/F-Ph,mixed-disubstituted carbazole,O=P(O)(O)CCn1c2ccc(c3ccsc3)cc2c2cc(c3ccc(F)cc3)ccc21,O=P(O)(O)CCn1c2ccc(-c3ccc(F)cc3)cc2c2cc(-c3ccsc3)ccc21
VSAM-L0111,carbazole_C2_Th/Cl-Ph,carbazole,C2,phosphonic acid,Th/Cl-Ph,mixed-disubstituted carbazole,O=P(O)(O)CCn1c2ccc(c3ccsc3)cc2c2cc(c3ccc(Cl)cc3)ccc21,O=P(O)(O)CCn1c2ccc(-c3ccc(Cl)cc3)cc2c2cc(-c3ccsc3)ccc21
VSAM-L0112,carbazole_C2_Th/Me-Ph,carbazole,C2,phosphonic acid,Th/Me-Ph,mixed-disubstituted carbazole,O=P(O)(O)CCn1c2ccc(c3ccsc3)cc2c2cc(c3ccc(C)cc3)ccc21,Cc1ccc(-c2ccc3c(c2)c2cc(-c4ccsc4)ccc2n3CCP(=O)(O)O)cc1
VSAM-L0113,carbazole_C2_Anisyl/F-Ph,carbazole,C2,phosphonic acid,Anisyl/F-Ph,mixed-disubstituted carbazole,O=P(O)(O)CCn1c2ccc(c3ccc(OC)cc3)cc2c2cc(c3ccc(F)cc3)ccc21,COc1ccc(-c2ccc3c(c2)c2cc(-c4ccc(F)cc4)ccc2n3CCP(=O)(O)O)cc1
VSAM-L0114,carbazole_C2_Anisyl/Cl-Ph,carbazole,C2,phosphonic acid,Anisyl/Cl-Ph,mixed-disubstituted carbazole,O=P(O)(O)CCn1c2ccc(c3ccc(OC)cc3)cc2c2cc(c3ccc(Cl)cc3)ccc21,COc1ccc(-c2ccc3c(c2)c2cc(-c4ccc(Cl)cc4)ccc2n3CCP(=O)(O)O)cc1
VSAM-L0115,carbazole_C2_Anisyl/Me-Ph,carbazole,C2,phosphonic acid,Anisyl/Me-Ph,mixed-disubstituted carbazole,O=P(O)(O)CCn1c2ccc(c3ccc(OC)cc3)cc2c2cc(c3ccc(C)cc3)ccc21,COc1ccc(-c2ccc3c(c2)c2cc(-c4ccc(C)cc4)ccc2n3CCP(=O)(O)O)cc1
VSAM-L0116,carbazole_C2_F-Ph/Cl-Ph,carbazole,C2,phosphonic acid,F-Ph/Cl-Ph,mixed-disubstituted carbazole,O=P(O)(O)CCn1c2ccc(c3ccc(F)cc3)cc2c2cc(c3ccc(Cl)cc3)ccc21,O=P(O)(O)CCn1c2ccc(-c3ccc(F)cc3)cc2c2cc(-c3ccc(Cl)cc3)ccc21
VSAM-L0117,carbazole_C2_F-Ph/Me-Ph,carbazole,C2,phosphonic acid,F-Ph/Me-Ph,mixed-disubstituted carbazole,O=P(O)(O)CCn1c2ccc(c3ccc(F)cc3)cc2c2cc(c3ccc(C)cc3)ccc21,Cc1ccc(-c2ccc3c(c2)c2cc(-c4ccc(F)cc4)ccc2n3CCP(=O)(O)O)cc1
VSAM-L0118,carbazole_C2_Cl-Ph/Me-Ph,carbazole,C2,phosphonic acid,Cl-Ph/Me-Ph,mixed-disubstituted carbazole,O=P(O)(O)CCn1c2ccc(c3ccc(Cl)cc3)cc2c2cc(c3ccc(C)cc3)ccc21,Cc1ccc(-c2ccc3c(c2)c2cc(-c4ccc(Cl)cc4)ccc2n3CCP(=O)(O)O)cc1
VSAM-L0119,carbazole_C3_H,carbazole,C3,phosphonic acid,H,PACz-like parent,O=P(O)(O)CCCn1c2ccccc2c2ccccc21,O=P(O)(O)CCCn1c2ccccc2c2ccccc21
VSAM-L0120,carbazole_C3_mono-F-A,carbazole,C3,phosphonic acid,mono-F-A,halogenated carbazole,O=P(O)(O)CCCn1c2ccc(F)cc2c2ccccc21,O=P(O)(O)CCCn1c2ccccc2c2cc(F)ccc21
VSAM-L0121,carbazole_C3_mono-F-B,carbazole,C3,phosphonic acid,mono-F-B,halogenated carbazole,O=P(O)(O)CCCn1c2ccccc2c2ccc(F)cc21,O=P(O)(O)CCCn1c2ccccc2c2ccc(F)cc21
VSAM-L0122,carbazole_C3_di-F,carbazole,C3,phosphonic acid,di-F,halogenated carbazole,O=P(O)(O)CCCn1c2ccc(F)cc2c2cc(F)ccc21,O=P(O)(O)CCCn1c2ccc(F)cc2c2cc(F)ccc21
VSAM-L0123,carbazole_C3_mono-Cl-A,carbazole,C3,phosphonic acid,mono-Cl-A,halogenated carbazole,O=P(O)(O)CCCn1c2ccc(Cl)cc2c2ccccc21,O=P(O)(O)CCCn1c2ccccc2c2cc(Cl)ccc21
VSAM-L0124,carbazole_C3_mono-Cl-B,carbazole,C3,phosphonic acid,mono-Cl-B,halogenated carbazole,O=P(O)(O)CCCn1c2ccccc2c2ccc(Cl)cc21,O=P(O)(O)CCCn1c2ccccc2c2ccc(Cl)cc21
VSAM-L0125,carbazole_C3_di-Cl,carbazole,C3,phosphonic acid,di-Cl,halogenated carbazole,O=P(O)(O)CCCn1c2ccc(Cl)cc2c2cc(Cl)ccc21,O=P(O)(O)CCCn1c2ccc(Cl)cc2c2cc(Cl)ccc21
VSAM-L0126,carbazole_C3_mono-Br-A,carbazole,C3,phosphonic acid,mono-Br-A,halogenated carbazole,O=P(O)(O)CCCn1c2ccc(Br)cc2c2ccccc21,O=P(O)(O)CCCn1c2ccccc2c2cc(Br)ccc21
VSAM-L0127,carbazole_C3_mono-Br-B,carbazole,C3,phosphonic acid,mono-Br-B,halogenated carbazole,O=P(O)(O)CCCn1c2ccccc2c2ccc(Br)cc21,O=P(O)(O)CCCn1c2ccccc2c2ccc(Br)cc21
VSAM-L0128,carbazole_C3_di-Br,carbazole,C3,phosphonic acid,di-Br,halogenated carbazole,O=P(O)(O)CCCn1c2ccc(Br)cc2c2cc(Br)ccc21,O=P(O)(O)CCCn1c2ccc(Br)cc2c2cc(Br)ccc21
VSAM-L0129,carbazole_C3_mono-Me-A,carbazole,C3,phosphonic acid,mono-Me-A,alkylated carbazole,O=P(O)(O)CCCn1c2ccc(C)cc2c2ccccc21,Cc1ccc2c(c1)c1ccccc1n2CCCP(=O)(O)O
VSAM-L0130,carbazole_C3_mono-Me-B,carbazole,C3,phosphonic acid,mono-Me-B,alkylated carbazole,O=P(O)(O)CCCn1c2ccccc2c2ccc(C)cc21,Cc1ccc2c3ccccc3n(CCCP(=O)(O)O)c2c1
VSAM-L0131,carbazole_C3_di-Me,carbazole,C3,phosphonic acid,di-Me,alkylated carbazole,O=P(O)(O)CCCn1c2ccc(C)cc2c2cc(C)ccc21,Cc1ccc2c(c1)c1cc(C)ccc1n2CCCP(=O)(O)O
VSAM-L0132,carbazole_C3_mono-OMe-A,carbazole,C3,phosphonic acid,mono-OMe-A,electron-rich carbazole,O=P(O)(O)CCCn1c2ccc(OC)cc2c2ccccc21,COc1ccc2c(c1)c1ccccc1n2CCCP(=O)(O)O
VSAM-L0133,carbazole_C3_mono-OMe-B,carbazole,C3,phosphonic acid,mono-OMe-B,electron-rich carbazole,O=P(O)(O)CCCn1c2ccccc2c2ccc(OC)cc21,COc1ccc2c3ccccc3n(CCCP(=O)(O)O)c2c1
VSAM-L0134,carbazole_C3_di-OMe,carbazole,C3,phosphonic acid,di-OMe,electron-rich carbazole,O=P(O)(O)CCCn1c2ccc(OC)cc2c2cc(OC)ccc21,COc1ccc2c(c1)c1cc(OC)ccc1n2CCCP(=O)(O)O
VSAM-L0135,carbazole_C3_mono-CN-A,carbazole,C3,phosphonic acid,mono-CN-A,electron-withdrawing carbazole,O=P(O)(O)CCCn1c2ccc(C#N)cc2c2ccccc21,N#Cc1ccc2c(c1)c1ccccc1n2CCCP(=O)(O)O
VSAM-L0136,carbazole_C3_mono-CN-B,carbazole,C3,phosphonic acid,mono-CN-B,electron-withdrawing carbazole,O=P(O)(O)CCCn1c2ccccc2c2ccc(C#N)cc21,N#Cc1ccc2c3ccccc3n(CCCP(=O)(O)O)c2c1
VSAM-L0137,carbazole_C3_di-CN,carbazole,C3,phosphonic acid,di-CN,electron-withdrawing carbazole,O=P(O)(O)CCCn1c2ccc(C#N)cc2c2cc(C#N)ccc21,N#Cc1ccc2c(c1)c1cc(C#N)ccc1n2CCCP(=O)(O)O
VSAM-L0138,carbazole_C3_mono-CF3-A,carbazole,C3,phosphonic acid,mono-CF3-A,fluoroalkylated carbazole,O=P(O)(O)CCCn1c2ccc(C(F)(F)F)cc2c2ccccc21,O=P(O)(O)CCCn1c2ccccc2c2cc(C(F)(F)F)ccc21
VSAM-L0139,carbazole_C3_mono-CF3-B,carbazole,C3,phosphonic acid,mono-CF3-B,fluoroalkylated carbazole,O=P(O)(O)CCCn1c2ccccc2c2ccc(C(F)(F)F)cc21,O=P(O)(O)CCCn1c2ccccc2c2ccc(C(F)(F)F)cc21
VSAM-L0140,carbazole_C3_di-CF3,carbazole,C3,phosphonic acid,di-CF3,fluoroalkylated carbazole,O=P(O)(O)CCCn1c2ccc(C(F)(F)F)cc2c2cc(C(F)(F)F)ccc21,O=P(O)(O)CCCn1c2ccc(C(F)(F)F)cc2c2cc(C(F)(F)F)ccc21
VSAM-L0141,carbazole_C3_mono-Ph-A,carbazole,C3,phosphonic acid,mono-Ph-A,aryl-extended carbazole,O=P(O)(O)CCCn1c2ccc(c3ccccc3)cc2c2ccccc21,O=P(O)(O)CCCn1c2ccccc2c2cc(-c3ccccc3)ccc21
VSAM-L0142,carbazole_C3_mono-Ph-B,carbazole,C3,phosphonic acid,mono-Ph-B,aryl-extended carbazole,O=P(O)(O)CCCn1c2ccccc2c2ccc(c3ccccc3)cc21,O=P(O)(O)CCCn1c2ccccc2c2ccc(-c3ccccc3)cc21
VSAM-L0143,carbazole_C3_di-Ph,carbazole,C3,phosphonic acid,di-Ph,aryl-extended carbazole,O=P(O)(O)CCCn1c2ccc(c3ccccc3)cc2c2cc(c3ccccc3)ccc21,O=P(O)(O)CCCn1c2ccc(-c3ccccc3)cc2c2cc(-c3ccccc3)ccc21
VSAM-L0144,carbazole_C3_mono-Th-A,carbazole,C3,phosphonic acid,mono-Th-A,thiophene-extended carbazole,O=P(O)(O)CCCn1c2ccc(c3ccsc3)cc2c2ccccc21,O=P(O)(O)CCCn1c2ccccc2c2cc(-c3ccsc3)ccc21
VSAM-L0145,carbazole_C3_mono-Th-B,carbazole,C3,phosphonic acid,mono-Th-B,thiophene-extended carbazole,O=P(O)(O)CCCn1c2ccccc2c2ccc(c3ccsc3)cc21,O=P(O)(O)CCCn1c2ccccc2c2ccc(-c3ccsc3)cc21
VSAM-L0146,carbazole_C3_di-Th,carbazole,C3,phosphonic acid,di-Th,thiophene-extended carbazole,O=P(O)(O)CCCn1c2ccc(c3ccsc3)cc2c2cc(c3ccsc3)ccc21,O=P(O)(O)CCCn1c2ccc(-c3ccsc3)cc2c2cc(-c3ccsc3)ccc21
VSAM-L0147,carbazole_C3_mono-Anisyl-A,carbazole,C3,phosphonic acid,mono-Anisyl-A,electron-rich aryl-carbazole,O=P(O)(O)CCCn1c2ccc(c3ccc(OC)cc3)cc2c2ccccc21,COc1ccc(-c2ccc3c(c2)c2ccccc2n3CCCP(=O)(O)O)cc1
VSAM-L0148,carbazole_C3_mono-Anisyl-B,carbazole,C3,phosphonic acid,mono-Anisyl-B,electron-rich aryl-carbazole,O=P(O)(O)CCCn1c2ccccc2c2ccc(c3ccc(OC)cc3)cc21,COc1ccc(-c2ccc3c4ccccc4n(CCCP(=O)(O)O)c3c2)cc1
VSAM-L0149,carbazole_C3_di-Anisyl,carbazole,C3,phosphonic acid,di-Anisyl,electron-rich aryl-carbazole,O=P(O)(O)CCCn1c2ccc(c3ccc(OC)cc3)cc2c2cc(c3ccc(OC)cc3)ccc21,COc1ccc(-c2ccc3c(c2)c2cc(-c4ccc(OC)cc4)ccc2n3CCCP(=O)(O)O)cc1
VSAM-L0150,carbazole_C3_mono-F-Ph-A,carbazole,C3,phosphonic acid,mono-F-Ph-A,halogenated aryl-carbazole,O=P(O)(O)CCCn1c2ccc(c3ccc(F)cc3)cc2c2ccccc21,O=P(O)(O)CCCn1c2ccccc2c2cc(-c3ccc(F)cc3)ccc21
VSAM-L0151,carbazole_C3_mono-F-Ph-B,carbazole,C3,phosphonic acid,mono-F-Ph-B,halogenated aryl-carbazole,O=P(O)(O)CCCn1c2ccccc2c2ccc(c3ccc(F)cc3)cc21,O=P(O)(O)CCCn1c2ccccc2c2ccc(-c3ccc(F)cc3)cc21
VSAM-L0152,carbazole_C3_di-F-Ph,carbazole,C3,phosphonic acid,di-F-Ph,halogenated aryl-carbazole,O=P(O)(O)CCCn1c2ccc(c3ccc(F)cc3)cc2c2cc(c3ccc(F)cc3)ccc21,O=P(O)(O)CCCn1c2ccc(-c3ccc(F)cc3)cc2c2cc(-c3ccc(F)cc3)ccc21
VSAM-L0153,carbazole_C3_mono-Cl-Ph-A,carbazole,C3,phosphonic acid,mono-Cl-Ph-A,halogenated aryl-carbazole,O=P(O)(O)CCCn1c2ccc(c3ccc(Cl)cc3)cc2c2ccccc21,O=P(O)(O)CCCn1c2ccccc2c2cc(-c3ccc(Cl)cc3)ccc21
VSAM-L0154,carbazole_C3_mono-Cl-Ph-B,carbazole,C3,phosphonic acid,mono-Cl-Ph-B,halogenated aryl-carbazole,O=P(O)(O)CCCn1c2ccccc2c2ccc(c3ccc(Cl)cc3)cc21,O=P(O)(O)CCCn1c2ccccc2c2ccc(-c3ccc(Cl)cc3)cc21
VSAM-L0155,carbazole_C3_di-Cl-Ph,carbazole,C3,phosphonic acid,di-Cl-Ph,halogenated aryl-carbazole,O=P(O)(O)CCCn1c2ccc(c3ccc(Cl)cc3)cc2c2cc(c3ccc(Cl)cc3)ccc21,O=P(O)(O)CCCn1c2ccc(-c3ccc(Cl)cc3)cc2c2cc(-c3ccc(Cl)cc3)ccc21
VSAM-L0156,carbazole_C3_mono-Me-Ph-A,carbazole,C3,phosphonic acid,mono-Me-Ph-A,alkylaryl carbazole,O=P(O)(O)CCCn1c2ccc(c3ccc(C)cc3)cc2c2ccccc21,Cc1ccc(-c2ccc3c(c2)c2ccccc2n3CCCP(=O)(O)O)cc1
VSAM-L0157,carbazole_C3_mono-Me-Ph-B,carbazole,C3,phosphonic acid,mono-Me-Ph-B,alkylaryl carbazole,O=P(O)(O)CCCn1c2ccccc2c2ccc(c3ccc(C)cc3)cc21,Cc1ccc(-c2ccc3c4ccccc4n(CCCP(=O)(O)O)c3c2)cc1
VSAM-L0158,carbazole_C3_di-Me-Ph,carbazole,C3,phosphonic acid,di-Me-Ph,alkylaryl carbazole,O=P(O)(O)CCCn1c2ccc(c3ccc(C)cc3)cc2c2cc(c3ccc(C)cc3)ccc21,Cc1ccc(-c2ccc3c(c2)c2cc(-c4ccc(C)cc4)ccc2n3CCCP(=O)(O)O)cc1
VSAM-L0159,carbazole_C3_F/Cl,carbazole,C3,phosphonic acid,F/Cl,mixed-disubstituted carbazole,O=P(O)(O)CCCn1c2ccc(F)cc2c2cc(Cl)ccc21,O=P(O)(O)CCCn1c2ccc(F)cc2c2cc(Cl)ccc21
VSAM-L0160,carbazole_C3_F/Br,carbazole,C3,phosphonic acid,F/Br,mixed-disubstituted carbazole,O=P(O)(O)CCCn1c2ccc(F)cc2c2cc(Br)ccc21,O=P(O)(O)CCCn1c2ccc(F)cc2c2cc(Br)ccc21
VSAM-L0161,carbazole_C3_F/Me,carbazole,C3,phosphonic acid,F/Me,mixed-disubstituted carbazole,O=P(O)(O)CCCn1c2ccc(F)cc2c2cc(C)ccc21,Cc1ccc2c(c1)c1cc(F)ccc1n2CCCP(=O)(O)O
VSAM-L0162,carbazole_C3_F/OMe,carbazole,C3,phosphonic acid,F/OMe,mixed-disubstituted carbazole,O=P(O)(O)CCCn1c2ccc(F)cc2c2cc(OC)ccc21,COc1ccc2c(c1)c1cc(F)ccc1n2CCCP(=O)(O)O
VSAM-L0163,carbazole_C3_F/CN,carbazole,C3,phosphonic acid,F/CN,mixed-disubstituted carbazole,O=P(O)(O)CCCn1c2ccc(F)cc2c2cc(C#N)ccc21,N#Cc1ccc2c(c1)c1cc(F)ccc1n2CCCP(=O)(O)O
VSAM-L0164,carbazole_C3_F/CF3,carbazole,C3,phosphonic acid,F/CF3,mixed-disubstituted carbazole,O=P(O)(O)CCCn1c2ccc(F)cc2c2cc(C(F)(F)F)ccc21,O=P(O)(O)CCCn1c2ccc(F)cc2c2cc(C(F)(F)F)ccc21
VSAM-L0165,carbazole_C3_F/Ph,carbazole,C3,phosphonic acid,F/Ph,mixed-disubstituted carbazole,O=P(O)(O)CCCn1c2ccc(F)cc2c2cc(c3ccccc3)ccc21,O=P(O)(O)CCCn1c2ccc(F)cc2c2cc(-c3ccccc3)ccc21
VSAM-L0166,carbazole_C3_F/Th,carbazole,C3,phosphonic acid,F/Th,mixed-disubstituted carbazole,O=P(O)(O)CCCn1c2ccc(F)cc2c2cc(c3ccsc3)ccc21,O=P(O)(O)CCCn1c2ccc(F)cc2c2cc(-c3ccsc3)ccc21
VSAM-L0167,carbazole_C3_F/Anisyl,carbazole,C3,phosphonic acid,F/Anisyl,mixed-disubstituted carbazole,O=P(O)(O)CCCn1c2ccc(F)cc2c2cc(c3ccc(OC)cc3)ccc21,COc1ccc(-c2ccc3c(c2)c2cc(F)ccc2n3CCCP(=O)(O)O)cc1
VSAM-L0168,carbazole_C3_F/F-Ph,carbazole,C3,phosphonic acid,F/F-Ph,mixed-disubstituted carbazole,O=P(O)(O)CCCn1c2ccc(F)cc2c2cc(c3ccc(F)cc3)ccc21,O=P(O)(O)CCCn1c2ccc(F)cc2c2cc(-c3ccc(F)cc3)ccc21
VSAM-L0169,carbazole_C3_F/Cl-Ph,carbazole,C3,phosphonic acid,F/Cl-Ph,mixed-disubstituted carbazole,O=P(O)(O)CCCn1c2ccc(F)cc2c2cc(c3ccc(Cl)cc3)ccc21,O=P(O)(O)CCCn1c2ccc(F)cc2c2cc(-c3ccc(Cl)cc3)ccc21
VSAM-L0170,carbazole_C3_F/Me-Ph,carbazole,C3,phosphonic acid,F/Me-Ph,mixed-disubstituted carbazole,O=P(O)(O)CCCn1c2ccc(F)cc2c2cc(c3ccc(C)cc3)ccc21,Cc1ccc(-c2ccc3c(c2)c2cc(F)ccc2n3CCCP(=O)(O)O)cc1
VSAM-L0171,carbazole_C3_Cl/Br,carbazole,C3,phosphonic acid,Cl/Br,mixed-disubstituted carbazole,O=P(O)(O)CCCn1c2ccc(Cl)cc2c2cc(Br)ccc21,O=P(O)(O)CCCn1c2ccc(Cl)cc2c2cc(Br)ccc21
VSAM-L0172,carbazole_C3_Cl/Me,carbazole,C3,phosphonic acid,Cl/Me,mixed-disubstituted carbazole,O=P(O)(O)CCCn1c2ccc(Cl)cc2c2cc(C)ccc21,Cc1ccc2c(c1)c1cc(Cl)ccc1n2CCCP(=O)(O)O
VSAM-L0173,carbazole_C3_Cl/OMe,carbazole,C3,phosphonic acid,Cl/OMe,mixed-disubstituted carbazole,O=P(O)(O)CCCn1c2ccc(Cl)cc2c2cc(OC)ccc21,COc1ccc2c(c1)c1cc(Cl)ccc1n2CCCP(=O)(O)O
VSAM-L0174,carbazole_C3_Cl/CN,carbazole,C3,phosphonic acid,Cl/CN,mixed-disubstituted carbazole,O=P(O)(O)CCCn1c2ccc(Cl)cc2c2cc(C#N)ccc21,N#Cc1ccc2c(c1)c1cc(Cl)ccc1n2CCCP(=O)(O)O
VSAM-L0175,carbazole_C3_Cl/CF3,carbazole,C3,phosphonic acid,Cl/CF3,mixed-disubstituted carbazole,O=P(O)(O)CCCn1c2ccc(Cl)cc2c2cc(C(F)(F)F)ccc21,O=P(O)(O)CCCn1c2ccc(Cl)cc2c2cc(C(F)(F)F)ccc21
VSAM-L0176,carbazole_C3_Cl/Ph,carbazole,C3,phosphonic acid,Cl/Ph,mixed-disubstituted carbazole,O=P(O)(O)CCCn1c2ccc(Cl)cc2c2cc(c3ccccc3)ccc21,O=P(O)(O)CCCn1c2ccc(Cl)cc2c2cc(-c3ccccc3)ccc21
VSAM-L0177,carbazole_C3_Cl/Th,carbazole,C3,phosphonic acid,Cl/Th,mixed-disubstituted carbazole,O=P(O)(O)CCCn1c2ccc(Cl)cc2c2cc(c3ccsc3)ccc21,O=P(O)(O)CCCn1c2ccc(Cl)cc2c2cc(-c3ccsc3)ccc21
VSAM-L0178,carbazole_C3_Cl/Anisyl,carbazole,C3,phosphonic acid,Cl/Anisyl,mixed-disubstituted carbazole,O=P(O)(O)CCCn1c2ccc(Cl)cc2c2cc(c3ccc(OC)cc3)ccc21,COc1ccc(-c2ccc3c(c2)c2cc(Cl)ccc2n3CCCP(=O)(O)O)cc1
VSAM-L0179,carbazole_C3_Cl/F-Ph,carbazole,C3,phosphonic acid,Cl/F-Ph,mixed-disubstituted carbazole,O=P(O)(O)CCCn1c2ccc(Cl)cc2c2cc(c3ccc(F)cc3)ccc21,O=P(O)(O)CCCn1c2ccc(Cl)cc2c2cc(-c3ccc(F)cc3)ccc21
VSAM-L0180,carbazole_C3_Cl/Cl-Ph,carbazole,C3,phosphonic acid,Cl/Cl-Ph,mixed-disubstituted carbazole,O=P(O)(O)CCCn1c2ccc(Cl)cc2c2cc(c3ccc(Cl)cc3)ccc21,O=P(O)(O)CCCn1c2ccc(Cl)cc2c2cc(-c3ccc(Cl)cc3)ccc21
VSAM-L0181,carbazole_C3_Cl/Me-Ph,carbazole,C3,phosphonic acid,Cl/Me-Ph,mixed-disubstituted carbazole,O=P(O)(O)CCCn1c2ccc(Cl)cc2c2cc(c3ccc(C)cc3)ccc21,Cc1ccc(-c2ccc3c(c2)c2cc(Cl)ccc2n3CCCP(=O)(O)O)cc1
VSAM-L0182,carbazole_C3_Br/Me,carbazole,C3,phosphonic acid,Br/Me,mixed-disubstituted carbazole,O=P(O)(O)CCCn1c2ccc(Br)cc2c2cc(C)ccc21,Cc1ccc2c(c1)c1cc(Br)ccc1n2CCCP(=O)(O)O
VSAM-L0183,carbazole_C3_Br/OMe,carbazole,C3,phosphonic acid,Br/OMe,mixed-disubstituted carbazole,O=P(O)(O)CCCn1c2ccc(Br)cc2c2cc(OC)ccc21,COc1ccc2c(c1)c1cc(Br)ccc1n2CCCP(=O)(O)O
VSAM-L0184,carbazole_C3_Br/CN,carbazole,C3,phosphonic acid,Br/CN,mixed-disubstituted carbazole,O=P(O)(O)CCCn1c2ccc(Br)cc2c2cc(C#N)ccc21,N#Cc1ccc2c(c1)c1cc(Br)ccc1n2CCCP(=O)(O)O
VSAM-L0185,carbazole_C3_Br/CF3,carbazole,C3,phosphonic acid,Br/CF3,mixed-disubstituted carbazole,O=P(O)(O)CCCn1c2ccc(Br)cc2c2cc(C(F)(F)F)ccc21,O=P(O)(O)CCCn1c2ccc(Br)cc2c2cc(C(F)(F)F)ccc21
VSAM-L0186,carbazole_C3_Br/Ph,carbazole,C3,phosphonic acid,Br/Ph,mixed-disubstituted carbazole,O=P(O)(O)CCCn1c2ccc(Br)cc2c2cc(c3ccccc3)ccc21,O=P(O)(O)CCCn1c2ccc(Br)cc2c2cc(-c3ccccc3)ccc21
VSAM-L0187,carbazole_C3_Br/Th,carbazole,C3,phosphonic acid,Br/Th,mixed-disubstituted carbazole,O=P(O)(O)CCCn1c2ccc(Br)cc2c2cc(c3ccsc3)ccc21,O=P(O)(O)CCCn1c2ccc(Br)cc2c2cc(-c3ccsc3)ccc21
VSAM-L0188,carbazole_C3_Br/Anisyl,carbazole,C3,phosphonic acid,Br/Anisyl,mixed-disubstituted carbazole,O=P(O)(O)CCCn1c2ccc(Br)cc2c2cc(c3ccc(OC)cc3)ccc21,COc1ccc(-c2ccc3c(c2)c2cc(Br)ccc2n3CCCP(=O)(O)O)cc1
VSAM-L0189,carbazole_C3_Br/F-Ph,carbazole,C3,phosphonic acid,Br/F-Ph,mixed-disubstituted carbazole,O=P(O)(O)CCCn1c2ccc(Br)cc2c2cc(c3ccc(F)cc3)ccc21,O=P(O)(O)CCCn1c2ccc(Br)cc2c2cc(-c3ccc(F)cc3)ccc21
VSAM-L0190,carbazole_C3_Br/Cl-Ph,carbazole,C3,phosphonic acid,Br/Cl-Ph,mixed-disubstituted carbazole,O=P(O)(O)CCCn1c2ccc(Br)cc2c2cc(c3ccc(Cl)cc3)ccc21,O=P(O)(O)CCCn1c2ccc(Br)cc2c2cc(-c3ccc(Cl)cc3)ccc21
VSAM-L0191,carbazole_C3_Br/Me-Ph,carbazole,C3,phosphonic acid,Br/Me-Ph,mixed-disubstituted carbazole,O=P(O)(O)CCCn1c2ccc(Br)cc2c2cc(c3ccc(C)cc3)ccc21,Cc1ccc(-c2ccc3c(c2)c2cc(Br)ccc2n3CCCP(=O)(O)O)cc1
VSAM-L0192,carbazole_C3_Me/OMe,carbazole,C3,phosphonic acid,Me/OMe,mixed-disubstituted carbazole,O=P(O)(O)CCCn1c2ccc(C)cc2c2cc(OC)ccc21,COc1ccc2c(c1)c1cc(C)ccc1n2CCCP(=O)(O)O
VSAM-L0193,carbazole_C3_Me/CN,carbazole,C3,phosphonic acid,Me/CN,mixed-disubstituted carbazole,O=P(O)(O)CCCn1c2ccc(C)cc2c2cc(C#N)ccc21,Cc1ccc2c(c1)c1cc(C#N)ccc1n2CCCP(=O)(O)O
VSAM-L0194,carbazole_C3_Me/CF3,carbazole,C3,phosphonic acid,Me/CF3,mixed-disubstituted carbazole,O=P(O)(O)CCCn1c2ccc(C)cc2c2cc(C(F)(F)F)ccc21,Cc1ccc2c(c1)c1cc(C(F)(F)F)ccc1n2CCCP(=O)(O)O
VSAM-L0195,carbazole_C3_Me/Ph,carbazole,C3,phosphonic acid,Me/Ph,mixed-disubstituted carbazole,O=P(O)(O)CCCn1c2ccc(C)cc2c2cc(c3ccccc3)ccc21,Cc1ccc2c(c1)c1cc(-c3ccccc3)ccc1n2CCCP(=O)(O)O
VSAM-L0196,carbazole_C3_Me/Th,carbazole,C3,phosphonic acid,Me/Th,mixed-disubstituted carbazole,O=P(O)(O)CCCn1c2ccc(C)cc2c2cc(c3ccsc3)ccc21,Cc1ccc2c(c1)c1cc(-c3ccsc3)ccc1n2CCCP(=O)(O)O
VSAM-L0197,carbazole_C3_Me/Anisyl,carbazole,C3,phosphonic acid,Me/Anisyl,mixed-disubstituted carbazole,O=P(O)(O)CCCn1c2ccc(C)cc2c2cc(c3ccc(OC)cc3)ccc21,COc1ccc(-c2ccc3c(c2)c2cc(C)ccc2n3CCCP(=O)(O)O)cc1
VSAM-L0198,carbazole_C3_Me/F-Ph,carbazole,C3,phosphonic acid,Me/F-Ph,mixed-disubstituted carbazole,O=P(O)(O)CCCn1c2ccc(C)cc2c2cc(c3ccc(F)cc3)ccc21,Cc1ccc2c(c1)c1cc(-c3ccc(F)cc3)ccc1n2CCCP(=O)(O)O
VSAM-L0199,carbazole_C3_Me/Cl-Ph,carbazole,C3,phosphonic acid,Me/Cl-Ph,mixed-disubstituted carbazole,O=P(O)(O)CCCn1c2ccc(C)cc2c2cc(c3ccc(Cl)cc3)ccc21,Cc1ccc2c(c1)c1cc(-c3ccc(Cl)cc3)ccc1n2CCCP(=O)(O)O
VSAM-L0200,carbazole_C3_Me/Me-Ph,carbazole,C3,phosphonic acid,Me/Me-Ph,mixed-disubstituted carbazole,O=P(O)(O)CCCn1c2ccc(C)cc2c2cc(c3ccc(C)cc3)ccc21,Cc1ccc(-c2ccc3c(c2)c2cc(C)ccc2n3CCCP(=O)(O)O)cc1
VSAM-L0201,carbazole_C3_OMe/CN,carbazole,C3,phosphonic acid,OMe/CN,mixed-disubstituted carbazole,O=P(O)(O)CCCn1c2ccc(OC)cc2c2cc(C#N)ccc21,COc1ccc2c(c1)c1cc(C#N)ccc1n2CCCP(=O)(O)O
VSAM-L0202,carbazole_C3_OMe/CF3,carbazole,C3,phosphonic acid,OMe/CF3,mixed-disubstituted carbazole,O=P(O)(O)CCCn1c2ccc(OC)cc2c2cc(C(F)(F)F)ccc21,COc1ccc2c(c1)c1cc(C(F)(F)F)ccc1n2CCCP(=O)(O)O
VSAM-L0203,carbazole_C3_OMe/Ph,carbazole,C3,phosphonic acid,OMe/Ph,mixed-disubstituted carbazole,O=P(O)(O)CCCn1c2ccc(OC)cc2c2cc(c3ccccc3)ccc21,COc1ccc2c(c1)c1cc(-c3ccccc3)ccc1n2CCCP(=O)(O)O
VSAM-L0204,carbazole_C3_OMe/Th,carbazole,C3,phosphonic acid,OMe/Th,mixed-disubstituted carbazole,O=P(O)(O)CCCn1c2ccc(OC)cc2c2cc(c3ccsc3)ccc21,COc1ccc2c(c1)c1cc(-c3ccsc3)ccc1n2CCCP(=O)(O)O
VSAM-L0205,carbazole_C3_OMe/Anisyl,carbazole,C3,phosphonic acid,OMe/Anisyl,mixed-disubstituted carbazole,O=P(O)(O)CCCn1c2ccc(OC)cc2c2cc(c3ccc(OC)cc3)ccc21,COc1ccc(-c2ccc3c(c2)c2cc(OC)ccc2n3CCCP(=O)(O)O)cc1
VSAM-L0206,carbazole_C3_OMe/F-Ph,carbazole,C3,phosphonic acid,OMe/F-Ph,mixed-disubstituted carbazole,O=P(O)(O)CCCn1c2ccc(OC)cc2c2cc(c3ccc(F)cc3)ccc21,COc1ccc2c(c1)c1cc(-c3ccc(F)cc3)ccc1n2CCCP(=O)(O)O
VSAM-L0207,carbazole_C3_OMe/Cl-Ph,carbazole,C3,phosphonic acid,OMe/Cl-Ph,mixed-disubstituted carbazole,O=P(O)(O)CCCn1c2ccc(OC)cc2c2cc(c3ccc(Cl)cc3)ccc21,COc1ccc2c(c1)c1cc(-c3ccc(Cl)cc3)ccc1n2CCCP(=O)(O)O
VSAM-L0208,carbazole_C3_OMe/Me-Ph,carbazole,C3,phosphonic acid,OMe/Me-Ph,mixed-disubstituted carbazole,O=P(O)(O)CCCn1c2ccc(OC)cc2c2cc(c3ccc(C)cc3)ccc21,COc1ccc2c(c1)c1cc(-c3ccc(C)cc3)ccc1n2CCCP(=O)(O)O
VSAM-L0209,carbazole_C3_CN/CF3,carbazole,C3,phosphonic acid,CN/CF3,mixed-disubstituted carbazole,O=P(O)(O)CCCn1c2ccc(C#N)cc2c2cc(C(F)(F)F)ccc21,N#Cc1ccc2c(c1)c1cc(C(F)(F)F)ccc1n2CCCP(=O)(O)O
VSAM-L0210,carbazole_C3_CN/Ph,carbazole,C3,phosphonic acid,CN/Ph,mixed-disubstituted carbazole,O=P(O)(O)CCCn1c2ccc(C#N)cc2c2cc(c3ccccc3)ccc21,N#Cc1ccc2c(c1)c1cc(-c3ccccc3)ccc1n2CCCP(=O)(O)O
VSAM-L0211,carbazole_C3_CN/Th,carbazole,C3,phosphonic acid,CN/Th,mixed-disubstituted carbazole,O=P(O)(O)CCCn1c2ccc(C#N)cc2c2cc(c3ccsc3)ccc21,N#Cc1ccc2c(c1)c1cc(-c3ccsc3)ccc1n2CCCP(=O)(O)O
VSAM-L0212,carbazole_C3_CN/Anisyl,carbazole,C3,phosphonic acid,CN/Anisyl,mixed-disubstituted carbazole,O=P(O)(O)CCCn1c2ccc(C#N)cc2c2cc(c3ccc(OC)cc3)ccc21,COc1ccc(-c2ccc3c(c2)c2cc(C#N)ccc2n3CCCP(=O)(O)O)cc1
VSAM-L0213,carbazole_C3_CN/F-Ph,carbazole,C3,phosphonic acid,CN/F-Ph,mixed-disubstituted carbazole,O=P(O)(O)CCCn1c2ccc(C#N)cc2c2cc(c3ccc(F)cc3)ccc21,N#Cc1ccc2c(c1)c1cc(-c3ccc(F)cc3)ccc1n2CCCP(=O)(O)O
VSAM-L0214,carbazole_C3_CN/Cl-Ph,carbazole,C3,phosphonic acid,CN/Cl-Ph,mixed-disubstituted carbazole,O=P(O)(O)CCCn1c2ccc(C#N)cc2c2cc(c3ccc(Cl)cc3)ccc21,N#Cc1ccc2c(c1)c1cc(-c3ccc(Cl)cc3)ccc1n2CCCP(=O)(O)O
VSAM-L0215,carbazole_C3_CN/Me-Ph,carbazole,C3,phosphonic acid,CN/Me-Ph,mixed-disubstituted carbazole,O=P(O)(O)CCCn1c2ccc(C#N)cc2c2cc(c3ccc(C)cc3)ccc21,Cc1ccc(-c2ccc3c(c2)c2cc(C#N)ccc2n3CCCP(=O)(O)O)cc1
VSAM-L0216,carbazole_C3_CF3/Ph,carbazole,C3,phosphonic acid,CF3/Ph,mixed-disubstituted carbazole,O=P(O)(O)CCCn1c2ccc(C(F)(F)F)cc2c2cc(c3ccccc3)ccc21,O=P(O)(O)CCCn1c2ccc(-c3ccccc3)cc2c2cc(C(F)(F)F)ccc21
VSAM-L0217,carbazole_C3_CF3/Th,carbazole,C3,phosphonic acid,CF3/Th,mixed-disubstituted carbazole,O=P(O)(O)CCCn1c2ccc(C(F)(F)F)cc2c2cc(c3ccsc3)ccc21,O=P(O)(O)CCCn1c2ccc(-c3ccsc3)cc2c2cc(C(F)(F)F)ccc21
VSAM-L0218,carbazole_C3_CF3/Anisyl,carbazole,C3,phosphonic acid,CF3/Anisyl,mixed-disubstituted carbazole,O=P(O)(O)CCCn1c2ccc(C(F)(F)F)cc2c2cc(c3ccc(OC)cc3)ccc21,COc1ccc(-c2ccc3c(c2)c2cc(C(F)(F)F)ccc2n3CCCP(=O)(O)O)cc1
VSAM-L0219,carbazole_C3_CF3/F-Ph,carbazole,C3,phosphonic acid,CF3/F-Ph,mixed-disubstituted carbazole,O=P(O)(O)CCCn1c2ccc(C(F)(F)F)cc2c2cc(c3ccc(F)cc3)ccc21,O=P(O)(O)CCCn1c2ccc(-c3ccc(F)cc3)cc2c2cc(C(F)(F)F)ccc21
VSAM-L0220,carbazole_C3_CF3/Cl-Ph,carbazole,C3,phosphonic acid,CF3/Cl-Ph,mixed-disubstituted carbazole,O=P(O)(O)CCCn1c2ccc(C(F)(F)F)cc2c2cc(c3ccc(Cl)cc3)ccc21,O=P(O)(O)CCCn1c2ccc(-c3ccc(Cl)cc3)cc2c2cc(C(F)(F)F)ccc21
VSAM-L0221,carbazole_C3_CF3/Me-Ph,carbazole,C3,phosphonic acid,CF3/Me-Ph,mixed-disubstituted carbazole,O=P(O)(O)CCCn1c2ccc(C(F)(F)F)cc2c2cc(c3ccc(C)cc3)ccc21,Cc1ccc(-c2ccc3c(c2)c2cc(C(F)(F)F)ccc2n3CCCP(=O)(O)O)cc1
VSAM-L0222,carbazole_C3_Ph/Th,carbazole,C3,phosphonic acid,Ph/Th,mixed-disubstituted carbazole,O=P(O)(O)CCCn1c2ccc(c3ccccc3)cc2c2cc(c3ccsc3)ccc21,O=P(O)(O)CCCn1c2ccc(-c3ccccc3)cc2c2cc(-c3ccsc3)ccc21
VSAM-L0223,carbazole_C3_Ph/Anisyl,carbazole,C3,phosphonic acid,Ph/Anisyl,mixed-disubstituted carbazole,O=P(O)(O)CCCn1c2ccc(c3ccccc3)cc2c2cc(c3ccc(OC)cc3)ccc21,COc1ccc(-c2ccc3c(c2)c2cc(-c4ccccc4)ccc2n3CCCP(=O)(O)O)cc1
VSAM-L0224,carbazole_C3_Ph/F-Ph,carbazole,C3,phosphonic acid,Ph/F-Ph,mixed-disubstituted carbazole,O=P(O)(O)CCCn1c2ccc(c3ccccc3)cc2c2cc(c3ccc(F)cc3)ccc21,O=P(O)(O)CCCn1c2ccc(-c3ccccc3)cc2c2cc(-c3ccc(F)cc3)ccc21
VSAM-L0225,carbazole_C3_Ph/Cl-Ph,carbazole,C3,phosphonic acid,Ph/Cl-Ph,mixed-disubstituted carbazole,O=P(O)(O)CCCn1c2ccc(c3ccccc3)cc2c2cc(c3ccc(Cl)cc3)ccc21,O=P(O)(O)CCCn1c2ccc(-c3ccccc3)cc2c2cc(-c3ccc(Cl)cc3)ccc21
VSAM-L0226,carbazole_C3_Ph/Me-Ph,carbazole,C3,phosphonic acid,Ph/Me-Ph,mixed-disubstituted carbazole,O=P(O)(O)CCCn1c2ccc(c3ccccc3)cc2c2cc(c3ccc(C)cc3)ccc21,Cc1ccc(-c2ccc3c(c2)c2cc(-c4ccccc4)ccc2n3CCCP(=O)(O)O)cc1
VSAM-L0227,carbazole_C3_Th/Anisyl,carbazole,C3,phosphonic acid,Th/Anisyl,mixed-disubstituted carbazole,O=P(O)(O)CCCn1c2ccc(c3ccsc3)cc2c2cc(c3ccc(OC)cc3)ccc21,COc1ccc(-c2ccc3c(c2)c2cc(-c4ccsc4)ccc2n3CCCP(=O)(O)O)cc1
VSAM-L0228,carbazole_C3_Th/F-Ph,carbazole,C3,phosphonic acid,Th/F-Ph,mixed-disubstituted carbazole,O=P(O)(O)CCCn1c2ccc(c3ccsc3)cc2c2cc(c3ccc(F)cc3)ccc21,O=P(O)(O)CCCn1c2ccc(-c3ccc(F)cc3)cc2c2cc(-c3ccsc3)ccc21
VSAM-L0229,carbazole_C3_Th/Cl-Ph,carbazole,C3,phosphonic acid,Th/Cl-Ph,mixed-disubstituted carbazole,O=P(O)(O)CCCn1c2ccc(c3ccsc3)cc2c2cc(c3ccc(Cl)cc3)ccc21,O=P(O)(O)CCCn1c2ccc(-c3ccc(Cl)cc3)cc2c2cc(-c3ccsc3)ccc21
VSAM-L0230,carbazole_C3_Th/Me-Ph,carbazole,C3,phosphonic acid,Th/Me-Ph,mixed-disubstituted carbazole,O=P(O)(O)CCCn1c2ccc(c3ccsc3)cc2c2cc(c3ccc(C)cc3)ccc21,Cc1ccc(-c2ccc3c(c2)c2cc(-c4ccsc4)ccc2n3CCCP(=O)(O)O)cc1
VSAM-L0231,carbazole_C3_Anisyl/F-Ph,carbazole,C3,phosphonic acid,Anisyl/F-Ph,mixed-disubstituted carbazole,O=P(O)(O)CCCn1c2ccc(c3ccc(OC)cc3)cc2c2cc(c3ccc(F)cc3)ccc21,COc1ccc(-c2ccc3c(c2)c2cc(-c4ccc(F)cc4)ccc2n3CCCP(=O)(O)O)cc1
VSAM-L0232,carbazole_C3_Anisyl/Cl-Ph,carbazole,C3,phosphonic acid,Anisyl/Cl-Ph,mixed-disubstituted carbazole,O=P(O)(O)CCCn1c2ccc(c3ccc(OC)cc3)cc2c2cc(c3ccc(Cl)cc3)ccc21,COc1ccc(-c2ccc3c(c2)c2cc(-c4ccc(Cl)cc4)ccc2n3CCCP(=O)(O)O)cc1
VSAM-L0233,carbazole_C3_Anisyl/Me-Ph,carbazole,C3,phosphonic acid,Anisyl/Me-Ph,mixed-disubstituted carbazole,O=P(O)(O)CCCn1c2ccc(c3ccc(OC)cc3)cc2c2cc(c3ccc(C)cc3)ccc21,COc1ccc(-c2ccc3c(c2)c2cc(-c4ccc(C)cc4)ccc2n3CCCP(=O)(O)O)cc1
VSAM-L0234,carbazole_C3_F-Ph/Cl-Ph,carbazole,C3,phosphonic acid,F-Ph/Cl-Ph,mixed-disubstituted carbazole,O=P(O)(O)CCCn1c2ccc(c3ccc(F)cc3)cc2c2cc(c3ccc(Cl)cc3)ccc21,O=P(O)(O)CCCn1c2ccc(-c3ccc(F)cc3)cc2c2cc(-c3ccc(Cl)cc3)ccc21
VSAM-L0235,carbazole_C3_F-Ph/Me-Ph,carbazole,C3,phosphonic acid,F-Ph/Me-Ph,mixed-disubstituted carbazole,O=P(O)(O)CCCn1c2ccc(c3ccc(F)cc3)cc2c2cc(c3ccc(C)cc3)ccc21,Cc1ccc(-c2ccc3c(c2)c2cc(-c4ccc(F)cc4)ccc2n3CCCP(=O)(O)O)cc1
VSAM-L0236,carbazole_C3_Cl-Ph/Me-Ph,carbazole,C3,phosphonic acid,Cl-Ph/Me-Ph,mixed-disubstituted carbazole,O=P(O)(O)CCCn1c2ccc(c3ccc(Cl)cc3)cc2c2cc(c3ccc(C)cc3)ccc21,Cc1ccc(-c2ccc3c(c2)c2cc(-c4ccc(Cl)cc4)ccc2n3CCCP(=O)(O)O)cc1
VSAM-L0237,carbazole_C4_H,carbazole,C4,phosphonic acid,H,PACz-like parent,O=P(O)(O)CCCCn1c2ccccc2c2ccccc21,O=P(O)(O)CCCCn1c2ccccc2c2ccccc21
VSAM-L0238,carbazole_C4_mono-F-A,carbazole,C4,phosphonic acid,mono-F-A,halogenated carbazole,O=P(O)(O)CCCCn1c2ccc(F)cc2c2ccccc21,O=P(O)(O)CCCCn1c2ccccc2c2cc(F)ccc21
VSAM-L0239,carbazole_C4_mono-F-B,carbazole,C4,phosphonic acid,mono-F-B,halogenated carbazole,O=P(O)(O)CCCCn1c2ccccc2c2ccc(F)cc21,O=P(O)(O)CCCCn1c2ccccc2c2ccc(F)cc21
VSAM-L0240,carbazole_C4_di-F,carbazole,C4,phosphonic acid,di-F,halogenated carbazole,O=P(O)(O)CCCCn1c2ccc(F)cc2c2cc(F)ccc21,O=P(O)(O)CCCCn1c2ccc(F)cc2c2cc(F)ccc21
VSAM-L0241,carbazole_C4_mono-Cl-A,carbazole,C4,phosphonic acid,mono-Cl-A,halogenated carbazole,O=P(O)(O)CCCCn1c2ccc(Cl)cc2c2ccccc21,O=P(O)(O)CCCCn1c2ccccc2c2cc(Cl)ccc21
VSAM-L0242,carbazole_C4_mono-Cl-B,carbazole,C4,phosphonic acid,mono-Cl-B,halogenated carbazole,O=P(O)(O)CCCCn1c2ccccc2c2ccc(Cl)cc21,O=P(O)(O)CCCCn1c2ccccc2c2ccc(Cl)cc21
VSAM-L0243,carbazole_C4_di-Cl,carbazole,C4,phosphonic acid,di-Cl,halogenated carbazole,O=P(O)(O)CCCCn1c2ccc(Cl)cc2c2cc(Cl)ccc21,O=P(O)(O)CCCCn1c2ccc(Cl)cc2c2cc(Cl)ccc21
VSAM-L0244,carbazole_C4_mono-Br-A,carbazole,C4,phosphonic acid,mono-Br-A,halogenated carbazole,O=P(O)(O)CCCCn1c2ccc(Br)cc2c2ccccc21,O=P(O)(O)CCCCn1c2ccccc2c2cc(Br)ccc21
VSAM-L0245,carbazole_C4_mono-Br-B,carbazole,C4,phosphonic acid,mono-Br-B,halogenated carbazole,O=P(O)(O)CCCCn1c2ccccc2c2ccc(Br)cc21,O=P(O)(O)CCCCn1c2ccccc2c2ccc(Br)cc21
VSAM-L0246,carbazole_C4_di-Br,carbazole,C4,phosphonic acid,di-Br,halogenated carbazole,O=P(O)(O)CCCCn1c2ccc(Br)cc2c2cc(Br)ccc21,O=P(O)(O)CCCCn1c2ccc(Br)cc2c2cc(Br)ccc21
VSAM-L0247,carbazole_C4_mono-Me-A,carbazole,C4,phosphonic acid,mono-Me-A,alkylated carbazole,O=P(O)(O)CCCCn1c2ccc(C)cc2c2ccccc21,Cc1ccc2c(c1)c1ccccc1n2CCCCP(=O)(O)O
VSAM-L0248,carbazole_C4_mono-Me-B,carbazole,C4,phosphonic acid,mono-Me-B,alkylated carbazole,O=P(O)(O)CCCCn1c2ccccc2c2ccc(C)cc21,Cc1ccc2c3ccccc3n(CCCCP(=O)(O)O)c2c1
VSAM-L0249,carbazole_C4_di-Me,carbazole,C4,phosphonic acid,di-Me,alkylated carbazole,O=P(O)(O)CCCCn1c2ccc(C)cc2c2cc(C)ccc21,Cc1ccc2c(c1)c1cc(C)ccc1n2CCCCP(=O)(O)O
VSAM-L0250,carbazole_C4_mono-OMe-A,carbazole,C4,phosphonic acid,mono-OMe-A,electron-rich carbazole,O=P(O)(O)CCCCn1c2ccc(OC)cc2c2ccccc21,COc1ccc2c(c1)c1ccccc1n2CCCCP(=O)(O)O
VSAM-L0251,carbazole_C4_mono-OMe-B,carbazole,C4,phosphonic acid,mono-OMe-B,electron-rich carbazole,O=P(O)(O)CCCCn1c2ccccc2c2ccc(OC)cc21,COc1ccc2c3ccccc3n(CCCCP(=O)(O)O)c2c1
VSAM-L0252,carbazole_C4_di-OMe,carbazole,C4,phosphonic acid,di-OMe,electron-rich carbazole,O=P(O)(O)CCCCn1c2ccc(OC)cc2c2cc(OC)ccc21,COc1ccc2c(c1)c1cc(OC)ccc1n2CCCCP(=O)(O)O
VSAM-L0253,carbazole_C4_mono-CN-A,carbazole,C4,phosphonic acid,mono-CN-A,electron-withdrawing carbazole,O=P(O)(O)CCCCn1c2ccc(C#N)cc2c2ccccc21,N#Cc1ccc2c(c1)c1ccccc1n2CCCCP(=O)(O)O
VSAM-L0254,carbazole_C4_mono-CN-B,carbazole,C4,phosphonic acid,mono-CN-B,electron-withdrawing carbazole,O=P(O)(O)CCCCn1c2ccccc2c2ccc(C#N)cc21,N#Cc1ccc2c3ccccc3n(CCCCP(=O)(O)O)c2c1
VSAM-L0255,carbazole_C4_di-CN,carbazole,C4,phosphonic acid,di-CN,electron-withdrawing carbazole,O=P(O)(O)CCCCn1c2ccc(C#N)cc2c2cc(C#N)ccc21,N#Cc1ccc2c(c1)c1cc(C#N)ccc1n2CCCCP(=O)(O)O
VSAM-L0256,carbazole_C4_mono-CF3-A,carbazole,C4,phosphonic acid,mono-CF3-A,fluoroalkylated carbazole,O=P(O)(O)CCCCn1c2ccc(C(F)(F)F)cc2c2ccccc21,O=P(O)(O)CCCCn1c2ccccc2c2cc(C(F)(F)F)ccc21
VSAM-L0257,carbazole_C4_mono-CF3-B,carbazole,C4,phosphonic acid,mono-CF3-B,fluoroalkylated carbazole,O=P(O)(O)CCCCn1c2ccccc2c2ccc(C(F)(F)F)cc21,O=P(O)(O)CCCCn1c2ccccc2c2ccc(C(F)(F)F)cc21
VSAM-L0258,carbazole_C4_di-CF3,carbazole,C4,phosphonic acid,di-CF3,fluoroalkylated carbazole,O=P(O)(O)CCCCn1c2ccc(C(F)(F)F)cc2c2cc(C(F)(F)F)ccc21,O=P(O)(O)CCCCn1c2ccc(C(F)(F)F)cc2c2cc(C(F)(F)F)ccc21
VSAM-L0259,carbazole_C4_mono-Ph-A,carbazole,C4,phosphonic acid,mono-Ph-A,aryl-extended carbazole,O=P(O)(O)CCCCn1c2ccc(c3ccccc3)cc2c2ccccc21,O=P(O)(O)CCCCn1c2ccccc2c2cc(-c3ccccc3)ccc21
VSAM-L0260,carbazole_C4_mono-Ph-B,carbazole,C4,phosphonic acid,mono-Ph-B,aryl-extended carbazole,O=P(O)(O)CCCCn1c2ccccc2c2ccc(c3ccccc3)cc21,O=P(O)(O)CCCCn1c2ccccc2c2ccc(-c3ccccc3)cc21
VSAM-L0261,carbazole_C4_di-Ph,carbazole,C4,phosphonic acid,di-Ph,aryl-extended carbazole,O=P(O)(O)CCCCn1c2ccc(c3ccccc3)cc2c2cc(c3ccccc3)ccc21,O=P(O)(O)CCCCn1c2ccc(-c3ccccc3)cc2c2cc(-c3ccccc3)ccc21
VSAM-L0262,carbazole_C4_mono-Th-A,carbazole,C4,phosphonic acid,mono-Th-A,thiophene-extended carbazole,O=P(O)(O)CCCCn1c2ccc(c3ccsc3)cc2c2ccccc21,O=P(O)(O)CCCCn1c2ccccc2c2cc(-c3ccsc3)ccc21
VSAM-L0263,carbazole_C4_mono-Th-B,carbazole,C4,phosphonic acid,mono-Th-B,thiophene-extended carbazole,O=P(O)(O)CCCCn1c2ccccc2c2ccc(c3ccsc3)cc21,O=P(O)(O)CCCCn1c2ccccc2c2ccc(-c3ccsc3)cc21
VSAM-L0264,carbazole_C4_di-Th,carbazole,C4,phosphonic acid,di-Th,thiophene-extended carbazole,O=P(O)(O)CCCCn1c2ccc(c3ccsc3)cc2c2cc(c3ccsc3)ccc21,O=P(O)(O)CCCCn1c2ccc(-c3ccsc3)cc2c2cc(-c3ccsc3)ccc21
VSAM-L0265,carbazole_C4_mono-Anisyl-A,carbazole,C4,phosphonic acid,mono-Anisyl-A,electron-rich aryl-carbazole,O=P(O)(O)CCCCn1c2ccc(c3ccc(OC)cc3)cc2c2ccccc21,COc1ccc(-c2ccc3c(c2)c2ccccc2n3CCCCP(=O)(O)O)cc1
VSAM-L0266,carbazole_C4_mono-Anisyl-B,carbazole,C4,phosphonic acid,mono-Anisyl-B,electron-rich aryl-carbazole,O=P(O)(O)CCCCn1c2ccccc2c2ccc(c3ccc(OC)cc3)cc21,COc1ccc(-c2ccc3c4ccccc4n(CCCCP(=O)(O)O)c3c2)cc1
VSAM-L0267,carbazole_C4_di-Anisyl,carbazole,C4,phosphonic acid,di-Anisyl,electron-rich aryl-carbazole,O=P(O)(O)CCCCn1c2ccc(c3ccc(OC)cc3)cc2c2cc(c3ccc(OC)cc3)ccc21,COc1ccc(-c2ccc3c(c2)c2cc(-c4ccc(OC)cc4)ccc2n3CCCCP(=O)(O)O)cc1
VSAM-L0268,carbazole_C4_mono-F-Ph-A,carbazole,C4,phosphonic acid,mono-F-Ph-A,halogenated aryl-carbazole,O=P(O)(O)CCCCn1c2ccc(c3ccc(F)cc3)cc2c2ccccc21,O=P(O)(O)CCCCn1c2ccccc2c2cc(-c3ccc(F)cc3)ccc21
VSAM-L0269,carbazole_C4_mono-F-Ph-B,carbazole,C4,phosphonic acid,mono-F-Ph-B,halogenated aryl-carbazole,O=P(O)(O)CCCCn1c2ccccc2c2ccc(c3ccc(F)cc3)cc21,O=P(O)(O)CCCCn1c2ccccc2c2ccc(-c3ccc(F)cc3)cc21
VSAM-L0270,carbazole_C4_di-F-Ph,carbazole,C4,phosphonic acid,di-F-Ph,halogenated aryl-carbazole,O=P(O)(O)CCCCn1c2ccc(c3ccc(F)cc3)cc2c2cc(c3ccc(F)cc3)ccc21,O=P(O)(O)CCCCn1c2ccc(-c3ccc(F)cc3)cc2c2cc(-c3ccc(F)cc3)ccc21
VSAM-L0271,carbazole_C4_mono-Cl-Ph-A,carbazole,C4,phosphonic acid,mono-Cl-Ph-A,halogenated aryl-carbazole,O=P(O)(O)CCCCn1c2ccc(c3ccc(Cl)cc3)cc2c2ccccc21,O=P(O)(O)CCCCn1c2ccccc2c2cc(-c3ccc(Cl)cc3)ccc21
VSAM-L0272,carbazole_C4_mono-Cl-Ph-B,carbazole,C4,phosphonic acid,mono-Cl-Ph-B,halogenated aryl-carbazole,O=P(O)(O)CCCCn1c2ccccc2c2ccc(c3ccc(Cl)cc3)cc21,O=P(O)(O)CCCCn1c2ccccc2c2ccc(-c3ccc(Cl)cc3)cc21
VSAM-L0273,carbazole_C4_di-Cl-Ph,carbazole,C4,phosphonic acid,di-Cl-Ph,halogenated aryl-carbazole,O=P(O)(O)CCCCn1c2ccc(c3ccc(Cl)cc3)cc2c2cc(c3ccc(Cl)cc3)ccc21,O=P(O)(O)CCCCn1c2ccc(-c3ccc(Cl)cc3)cc2c2cc(-c3ccc(Cl)cc3)ccc21
VSAM-L0274,carbazole_C4_mono-Me-Ph-A,carbazole,C4,phosphonic acid,mono-Me-Ph-A,alkylaryl carbazole,O=P(O)(O)CCCCn1c2ccc(c3ccc(C)cc3)cc2c2ccccc21,Cc1ccc(-c2ccc3c(c2)c2ccccc2n3CCCCP(=O)(O)O)cc1
VSAM-L0275,carbazole_C4_mono-Me-Ph-B,carbazole,C4,phosphonic acid,mono-Me-Ph-B,alkylaryl carbazole,O=P(O)(O)CCCCn1c2ccccc2c2ccc(c3ccc(C)cc3)cc21,Cc1ccc(-c2ccc3c4ccccc4n(CCCCP(=O)(O)O)c3c2)cc1
VSAM-L0276,carbazole_C4_di-Me-Ph,carbazole,C4,phosphonic acid,di-Me-Ph,alkylaryl carbazole,O=P(O)(O)CCCCn1c2ccc(c3ccc(C)cc3)cc2c2cc(c3ccc(C)cc3)ccc21,Cc1ccc(-c2ccc3c(c2)c2cc(-c4ccc(C)cc4)ccc2n3CCCCP(=O)(O)O)cc1
VSAM-L0277,carbazole_C4_F/Cl,carbazole,C4,phosphonic acid,F/Cl,mixed-disubstituted carbazole,O=P(O)(O)CCCCn1c2ccc(F)cc2c2cc(Cl)ccc21,O=P(O)(O)CCCCn1c2ccc(F)cc2c2cc(Cl)ccc21
VSAM-L0278,carbazole_C4_F/Br,carbazole,C4,phosphonic acid,F/Br,mixed-disubstituted carbazole,O=P(O)(O)CCCCn1c2ccc(F)cc2c2cc(Br)ccc21,O=P(O)(O)CCCCn1c2ccc(F)cc2c2cc(Br)ccc21
VSAM-L0279,carbazole_C4_F/Me,carbazole,C4,phosphonic acid,F/Me,mixed-disubstituted carbazole,O=P(O)(O)CCCCn1c2ccc(F)cc2c2cc(C)ccc21,Cc1ccc2c(c1)c1cc(F)ccc1n2CCCCP(=O)(O)O
VSAM-L0280,carbazole_C4_F/OMe,carbazole,C4,phosphonic acid,F/OMe,mixed-disubstituted carbazole,O=P(O)(O)CCCCn1c2ccc(F)cc2c2cc(OC)ccc21,COc1ccc2c(c1)c1cc(F)ccc1n2CCCCP(=O)(O)O
VSAM-L0281,carbazole_C4_F/CN,carbazole,C4,phosphonic acid,F/CN,mixed-disubstituted carbazole,O=P(O)(O)CCCCn1c2ccc(F)cc2c2cc(C#N)ccc21,N#Cc1ccc2c(c1)c1cc(F)ccc1n2CCCCP(=O)(O)O
VSAM-L0282,carbazole_C4_F/CF3,carbazole,C4,phosphonic acid,F/CF3,mixed-disubstituted carbazole,O=P(O)(O)CCCCn1c2ccc(F)cc2c2cc(C(F)(F)F)ccc21,O=P(O)(O)CCCCn1c2ccc(F)cc2c2cc(C(F)(F)F)ccc21
VSAM-L0283,carbazole_C4_F/Ph,carbazole,C4,phosphonic acid,F/Ph,mixed-disubstituted carbazole,O=P(O)(O)CCCCn1c2ccc(F)cc2c2cc(c3ccccc3)ccc21,O=P(O)(O)CCCCn1c2ccc(F)cc2c2cc(-c3ccccc3)ccc21
VSAM-L0284,carbazole_C4_F/Th,carbazole,C4,phosphonic acid,F/Th,mixed-disubstituted carbazole,O=P(O)(O)CCCCn1c2ccc(F)cc2c2cc(c3ccsc3)ccc21,O=P(O)(O)CCCCn1c2ccc(F)cc2c2cc(-c3ccsc3)ccc21
VSAM-L0285,carbazole_C4_F/Anisyl,carbazole,C4,phosphonic acid,F/Anisyl,mixed-disubstituted carbazole,O=P(O)(O)CCCCn1c2ccc(F)cc2c2cc(c3ccc(OC)cc3)ccc21,COc1ccc(-c2ccc3c(c2)c2cc(F)ccc2n3CCCCP(=O)(O)O)cc1
VSAM-L0286,carbazole_C4_F/F-Ph,carbazole,C4,phosphonic acid,F/F-Ph,mixed-disubstituted carbazole,O=P(O)(O)CCCCn1c2ccc(F)cc2c2cc(c3ccc(F)cc3)ccc21,O=P(O)(O)CCCCn1c2ccc(F)cc2c2cc(-c3ccc(F)cc3)ccc21
VSAM-L0287,carbazole_C4_F/Cl-Ph,carbazole,C4,phosphonic acid,F/Cl-Ph,mixed-disubstituted carbazole,O=P(O)(O)CCCCn1c2ccc(F)cc2c2cc(c3ccc(Cl)cc3)ccc21,O=P(O)(O)CCCCn1c2ccc(F)cc2c2cc(-c3ccc(Cl)cc3)ccc21
VSAM-L0288,carbazole_C4_F/Me-Ph,carbazole,C4,phosphonic acid,F/Me-Ph,mixed-disubstituted carbazole,O=P(O)(O)CCCCn1c2ccc(F)cc2c2cc(c3ccc(C)cc3)ccc21,Cc1ccc(-c2ccc3c(c2)c2cc(F)ccc2n3CCCCP(=O)(O)O)cc1
VSAM-L0289,carbazole_C4_Cl/Br,carbazole,C4,phosphonic acid,Cl/Br,mixed-disubstituted carbazole,O=P(O)(O)CCCCn1c2ccc(Cl)cc2c2cc(Br)ccc21,O=P(O)(O)CCCCn1c2ccc(Cl)cc2c2cc(Br)ccc21
VSAM-L0290,carbazole_C4_Cl/Me,carbazole,C4,phosphonic acid,Cl/Me,mixed-disubstituted carbazole,O=P(O)(O)CCCCn1c2ccc(Cl)cc2c2cc(C)ccc21,Cc1ccc2c(c1)c1cc(Cl)ccc1n2CCCCP(=O)(O)O
VSAM-L0291,carbazole_C4_Cl/OMe,carbazole,C4,phosphonic acid,Cl/OMe,mixed-disubstituted carbazole,O=P(O)(O)CCCCn1c2ccc(Cl)cc2c2cc(OC)ccc21,COc1ccc2c(c1)c1cc(Cl)ccc1n2CCCCP(=O)(O)O
VSAM-L0292,carbazole_C4_Cl/CN,carbazole,C4,phosphonic acid,Cl/CN,mixed-disubstituted carbazole,O=P(O)(O)CCCCn1c2ccc(Cl)cc2c2cc(C#N)ccc21,N#Cc1ccc2c(c1)c1cc(Cl)ccc1n2CCCCP(=O)(O)O
VSAM-L0293,carbazole_C4_Cl/CF3,carbazole,C4,phosphonic acid,Cl/CF3,mixed-disubstituted carbazole,O=P(O)(O)CCCCn1c2ccc(Cl)cc2c2cc(C(F)(F)F)ccc21,O=P(O)(O)CCCCn1c2ccc(Cl)cc2c2cc(C(F)(F)F)ccc21
VSAM-L0294,carbazole_C4_Cl/Ph,carbazole,C4,phosphonic acid,Cl/Ph,mixed-disubstituted carbazole,O=P(O)(O)CCCCn1c2ccc(Cl)cc2c2cc(c3ccccc3)ccc21,O=P(O)(O)CCCCn1c2ccc(Cl)cc2c2cc(-c3ccccc3)ccc21
VSAM-L0295,carbazole_C4_Cl/Th,carbazole,C4,phosphonic acid,Cl/Th,mixed-disubstituted carbazole,O=P(O)(O)CCCCn1c2ccc(Cl)cc2c2cc(c3ccsc3)ccc21,O=P(O)(O)CCCCn1c2ccc(Cl)cc2c2cc(-c3ccsc3)ccc21
VSAM-L0296,carbazole_C4_Cl/Anisyl,carbazole,C4,phosphonic acid,Cl/Anisyl,mixed-disubstituted carbazole,O=P(O)(O)CCCCn1c2ccc(Cl)cc2c2cc(c3ccc(OC)cc3)ccc21,COc1ccc(-c2ccc3c(c2)c2cc(Cl)ccc2n3CCCCP(=O)(O)O)cc1
VSAM-L0297,carbazole_C4_Cl/F-Ph,carbazole,C4,phosphonic acid,Cl/F-Ph,mixed-disubstituted carbazole,O=P(O)(O)CCCCn1c2ccc(Cl)cc2c2cc(c3ccc(F)cc3)ccc21,O=P(O)(O)CCCCn1c2ccc(Cl)cc2c2cc(-c3ccc(F)cc3)ccc21
VSAM-L0298,carbazole_C4_Cl/Cl-Ph,carbazole,C4,phosphonic acid,Cl/Cl-Ph,mixed-disubstituted carbazole,O=P(O)(O)CCCCn1c2ccc(Cl)cc2c2cc(c3ccc(Cl)cc3)ccc21,O=P(O)(O)CCCCn1c2ccc(Cl)cc2c2cc(-c3ccc(Cl)cc3)ccc21
VSAM-L0299,carbazole_C4_Cl/Me-Ph,carbazole,C4,phosphonic acid,Cl/Me-Ph,mixed-disubstituted carbazole,O=P(O)(O)CCCCn1c2ccc(Cl)cc2c2cc(c3ccc(C)cc3)ccc21,Cc1ccc(-c2ccc3c(c2)c2cc(Cl)ccc2n3CCCCP(=O)(O)O)cc1
VSAM-L0300,carbazole_C4_Br/Me,carbazole,C4,phosphonic acid,Br/Me,mixed-disubstituted carbazole,O=P(O)(O)CCCCn1c2ccc(Br)cc2c2cc(C)ccc21,Cc1ccc2c(c1)c1cc(Br)ccc1n2CCCCP(=O)(O)O
VSAM-L0301,carbazole_C4_Br/OMe,carbazole,C4,phosphonic acid,Br/OMe,mixed-disubstituted carbazole,O=P(O)(O)CCCCn1c2ccc(Br)cc2c2cc(OC)ccc21,COc1ccc2c(c1)c1cc(Br)ccc1n2CCCCP(=O)(O)O
VSAM-L0302,carbazole_C4_Br/CN,carbazole,C4,phosphonic acid,Br/CN,mixed-disubstituted carbazole,O=P(O)(O)CCCCn1c2ccc(Br)cc2c2cc(C#N)ccc21,N#Cc1ccc2c(c1)c1cc(Br)ccc1n2CCCCP(=O)(O)O
VSAM-L0303,carbazole_C4_Br/CF3,carbazole,C4,phosphonic acid,Br/CF3,mixed-disubstituted carbazole,O=P(O)(O)CCCCn1c2ccc(Br)cc2c2cc(C(F)(F)F)ccc21,O=P(O)(O)CCCCn1c2ccc(Br)cc2c2cc(C(F)(F)F)ccc21
VSAM-L0304,carbazole_C4_Br/Ph,carbazole,C4,phosphonic acid,Br/Ph,mixed-disubstituted carbazole,O=P(O)(O)CCCCn1c2ccc(Br)cc2c2cc(c3ccccc3)ccc21,O=P(O)(O)CCCCn1c2ccc(Br)cc2c2cc(-c3ccccc3)ccc21
VSAM-L0305,carbazole_C4_Br/Th,carbazole,C4,phosphonic acid,Br/Th,mixed-disubstituted carbazole,O=P(O)(O)CCCCn1c2ccc(Br)cc2c2cc(c3ccsc3)ccc21,O=P(O)(O)CCCCn1c2ccc(Br)cc2c2cc(-c3ccsc3)ccc21
VSAM-L0306,carbazole_C4_Br/Anisyl,carbazole,C4,phosphonic acid,Br/Anisyl,mixed-disubstituted carbazole,O=P(O)(O)CCCCn1c2ccc(Br)cc2c2cc(c3ccc(OC)cc3)ccc21,COc1ccc(-c2ccc3c(c2)c2cc(Br)ccc2n3CCCCP(=O)(O)O)cc1
VSAM-L0307,carbazole_C4_Br/F-Ph,carbazole,C4,phosphonic acid,Br/F-Ph,mixed-disubstituted carbazole,O=P(O)(O)CCCCn1c2ccc(Br)cc2c2cc(c3ccc(F)cc3)ccc21,O=P(O)(O)CCCCn1c2ccc(Br)cc2c2cc(-c3ccc(F)cc3)ccc21
VSAM-L0308,carbazole_C4_Br/Cl-Ph,carbazole,C4,phosphonic acid,Br/Cl-Ph,mixed-disubstituted carbazole,O=P(O)(O)CCCCn1c2ccc(Br)cc2c2cc(c3ccc(Cl)cc3)ccc21,O=P(O)(O)CCCCn1c2ccc(Br)cc2c2cc(-c3ccc(Cl)cc3)ccc21
VSAM-L0309,carbazole_C4_Br/Me-Ph,carbazole,C4,phosphonic acid,Br/Me-Ph,mixed-disubstituted carbazole,O=P(O)(O)CCCCn1c2ccc(Br)cc2c2cc(c3ccc(C)cc3)ccc21,Cc1ccc(-c2ccc3c(c2)c2cc(Br)ccc2n3CCCCP(=O)(O)O)cc1
VSAM-L0310,carbazole_C4_Me/OMe,carbazole,C4,phosphonic acid,Me/OMe,mixed-disubstituted carbazole,O=P(O)(O)CCCCn1c2ccc(C)cc2c2cc(OC)ccc21,COc1ccc2c(c1)c1cc(C)ccc1n2CCCCP(=O)(O)O
VSAM-L0311,carbazole_C4_Me/CN,carbazole,C4,phosphonic acid,Me/CN,mixed-disubstituted carbazole,O=P(O)(O)CCCCn1c2ccc(C)cc2c2cc(C#N)ccc21,Cc1ccc2c(c1)c1cc(C#N)ccc1n2CCCCP(=O)(O)O
VSAM-L0312,carbazole_C4_Me/CF3,carbazole,C4,phosphonic acid,Me/CF3,mixed-disubstituted carbazole,O=P(O)(O)CCCCn1c2ccc(C)cc2c2cc(C(F)(F)F)ccc21,Cc1ccc2c(c1)c1cc(C(F)(F)F)ccc1n2CCCCP(=O)(O)O
VSAM-L0313,carbazole_C4_Me/Ph,carbazole,C4,phosphonic acid,Me/Ph,mixed-disubstituted carbazole,O=P(O)(O)CCCCn1c2ccc(C)cc2c2cc(c3ccccc3)ccc21,Cc1ccc2c(c1)c1cc(-c3ccccc3)ccc1n2CCCCP(=O)(O)O
VSAM-L0314,carbazole_C4_Me/Th,carbazole,C4,phosphonic acid,Me/Th,mixed-disubstituted carbazole,O=P(O)(O)CCCCn1c2ccc(C)cc2c2cc(c3ccsc3)ccc21,Cc1ccc2c(c1)c1cc(-c3ccsc3)ccc1n2CCCCP(=O)(O)O
VSAM-L0315,carbazole_C4_Me/Anisyl,carbazole,C4,phosphonic acid,Me/Anisyl,mixed-disubstituted carbazole,O=P(O)(O)CCCCn1c2ccc(C)cc2c2cc(c3ccc(OC)cc3)ccc21,COc1ccc(-c2ccc3c(c2)c2cc(C)ccc2n3CCCCP(=O)(O)O)cc1
VSAM-L0316,carbazole_C4_Me/F-Ph,carbazole,C4,phosphonic acid,Me/F-Ph,mixed-disubstituted carbazole,O=P(O)(O)CCCCn1c2ccc(C)cc2c2cc(c3ccc(F)cc3)ccc21,Cc1ccc2c(c1)c1cc(-c3ccc(F)cc3)ccc1n2CCCCP(=O)(O)O
VSAM-L0317,carbazole_C4_Me/Cl-Ph,carbazole,C4,phosphonic acid,Me/Cl-Ph,mixed-disubstituted carbazole,O=P(O)(O)CCCCn1c2ccc(C)cc2c2cc(c3ccc(Cl)cc3)ccc21,Cc1ccc2c(c1)c1cc(-c3ccc(Cl)cc3)ccc1n2CCCCP(=O)(O)O
VSAM-L0318,carbazole_C4_Me/Me-Ph,carbazole,C4,phosphonic acid,Me/Me-Ph,mixed-disubstituted carbazole,O=P(O)(O)CCCCn1c2ccc(C)cc2c2cc(c3ccc(C)cc3)ccc21,Cc1ccc(-c2ccc3c(c2)c2cc(C)ccc2n3CCCCP(=O)(O)O)cc1
VSAM-L0319,carbazole_C4_OMe/CN,carbazole,C4,phosphonic acid,OMe/CN,mixed-disubstituted carbazole,O=P(O)(O)CCCCn1c2ccc(OC)cc2c2cc(C#N)ccc21,COc1ccc2c(c1)c1cc(C#N)ccc1n2CCCCP(=O)(O)O
VSAM-L0320,carbazole_C4_OMe/CF3,carbazole,C4,phosphonic acid,OMe/CF3,mixed-disubstituted carbazole,O=P(O)(O)CCCCn1c2ccc(OC)cc2c2cc(C(F)(F)F)ccc21,COc1ccc2c(c1)c1cc(C(F)(F)F)ccc1n2CCCCP(=O)(O)O
VSAM-L0321,carbazole_C4_OMe/Ph,carbazole,C4,phosphonic acid,OMe/Ph,mixed-disubstituted carbazole,O=P(O)(O)CCCCn1c2ccc(OC)cc2c2cc(c3ccccc3)ccc21,COc1ccc2c(c1)c1cc(-c3ccccc3)ccc1n2CCCCP(=O)(O)O
VSAM-L0322,carbazole_C4_OMe/Th,carbazole,C4,phosphonic acid,OMe/Th,mixed-disubstituted carbazole,O=P(O)(O)CCCCn1c2ccc(OC)cc2c2cc(c3ccsc3)ccc21,COc1ccc2c(c1)c1cc(-c3ccsc3)ccc1n2CCCCP(=O)(O)O
VSAM-L0323,carbazole_C4_OMe/Anisyl,carbazole,C4,phosphonic acid,OMe/Anisyl,mixed-disubstituted carbazole,O=P(O)(O)CCCCn1c2ccc(OC)cc2c2cc(c3ccc(OC)cc3)ccc21,COc1ccc(-c2ccc3c(c2)c2cc(OC)ccc2n3CCCCP(=O)(O)O)cc1
VSAM-L0324,carbazole_C4_OMe/F-Ph,carbazole,C4,phosphonic acid,OMe/F-Ph,mixed-disubstituted carbazole,O=P(O)(O)CCCCn1c2ccc(OC)cc2c2cc(c3ccc(F)cc3)ccc21,COc1ccc2c(c1)c1cc(-c3ccc(F)cc3)ccc1n2CCCCP(=O)(O)O
VSAM-L0325,carbazole_C4_OMe/Cl-Ph,carbazole,C4,phosphonic acid,OMe/Cl-Ph,mixed-disubstituted carbazole,O=P(O)(O)CCCCn1c2ccc(OC)cc2c2cc(c3ccc(Cl)cc3)ccc21,COc1ccc2c(c1)c1cc(-c3ccc(Cl)cc3)ccc1n2CCCCP(=O)(O)O
VSAM-L0326,carbazole_C4_OMe/Me-Ph,carbazole,C4,phosphonic acid,OMe/Me-Ph,mixed-disubstituted carbazole,O=P(O)(O)CCCCn1c2ccc(OC)cc2c2cc(c3ccc(C)cc3)ccc21,COc1ccc2c(c1)c1cc(-c3ccc(C)cc3)ccc1n2CCCCP(=O)(O)O
VSAM-L0327,carbazole_C4_CN/CF3,carbazole,C4,phosphonic acid,CN/CF3,mixed-disubstituted carbazole,O=P(O)(O)CCCCn1c2ccc(C#N)cc2c2cc(C(F)(F)F)ccc21,N#Cc1ccc2c(c1)c1cc(C(F)(F)F)ccc1n2CCCCP(=O)(O)O
VSAM-L0328,carbazole_C4_CN/Ph,carbazole,C4,phosphonic acid,CN/Ph,mixed-disubstituted carbazole,O=P(O)(O)CCCCn1c2ccc(C#N)cc2c2cc(c3ccccc3)ccc21,N#Cc1ccc2c(c1)c1cc(-c3ccccc3)ccc1n2CCCCP(=O)(O)O
VSAM-L0329,carbazole_C4_CN/Th,carbazole,C4,phosphonic acid,CN/Th,mixed-disubstituted carbazole,O=P(O)(O)CCCCn1c2ccc(C#N)cc2c2cc(c3ccsc3)ccc21,N#Cc1ccc2c(c1)c1cc(-c3ccsc3)ccc1n2CCCCP(=O)(O)O
VSAM-L0330,carbazole_C4_CN/Anisyl,carbazole,C4,phosphonic acid,CN/Anisyl,mixed-disubstituted carbazole,O=P(O)(O)CCCCn1c2ccc(C#N)cc2c2cc(c3ccc(OC)cc3)ccc21,COc1ccc(-c2ccc3c(c2)c2cc(C#N)ccc2n3CCCCP(=O)(O)O)cc1
VSAM-L0331,carbazole_C4_CN/F-Ph,carbazole,C4,phosphonic acid,CN/F-Ph,mixed-disubstituted carbazole,O=P(O)(O)CCCCn1c2ccc(C#N)cc2c2cc(c3ccc(F)cc3)ccc21,N#Cc1ccc2c(c1)c1cc(-c3ccc(F)cc3)ccc1n2CCCCP(=O)(O)O
VSAM-L0332,carbazole_C4_CN/Cl-Ph,carbazole,C4,phosphonic acid,CN/Cl-Ph,mixed-disubstituted carbazole,O=P(O)(O)CCCCn1c2ccc(C#N)cc2c2cc(c3ccc(Cl)cc3)ccc21,N#Cc1ccc2c(c1)c1cc(-c3ccc(Cl)cc3)ccc1n2CCCCP(=O)(O)O
VSAM-L0333,carbazole_C4_CN/Me-Ph,carbazole,C4,phosphonic acid,CN/Me-Ph,mixed-disubstituted carbazole,O=P(O)(O)CCCCn1c2ccc(C#N)cc2c2cc(c3ccc(C)cc3)ccc21,Cc1ccc(-c2ccc3c(c2)c2cc(C#N)ccc2n3CCCCP(=O)(O)O)cc1
VSAM-L0334,carbazole_C4_CF3/Ph,carbazole,C4,phosphonic acid,CF3/Ph,mixed-disubstituted carbazole,O=P(O)(O)CCCCn1c2ccc(C(F)(F)F)cc2c2cc(c3ccccc3)ccc21,O=P(O)(O)CCCCn1c2ccc(-c3ccccc3)cc2c2cc(C(F)(F)F)ccc21
VSAM-L0335,carbazole_C4_CF3/Th,carbazole,C4,phosphonic acid,CF3/Th,mixed-disubstituted carbazole,O=P(O)(O)CCCCn1c2ccc(C(F)(F)F)cc2c2cc(c3ccsc3)ccc21,O=P(O)(O)CCCCn1c2ccc(-c3ccsc3)cc2c2cc(C(F)(F)F)ccc21
VSAM-L0336,carbazole_C4_CF3/Anisyl,carbazole,C4,phosphonic acid,CF3/Anisyl,mixed-disubstituted carbazole,O=P(O)(O)CCCCn1c2ccc(C(F)(F)F)cc2c2cc(c3ccc(OC)cc3)ccc21,COc1ccc(-c2ccc3c(c2)c2cc(C(F)(F)F)ccc2n3CCCCP(=O)(O)O)cc1
VSAM-L0337,carbazole_C4_CF3/F-Ph,carbazole,C4,phosphonic acid,CF3/F-Ph,mixed-disubstituted carbazole,O=P(O)(O)CCCCn1c2ccc(C(F)(F)F)cc2c2cc(c3ccc(F)cc3)ccc21,O=P(O)(O)CCCCn1c2ccc(-c3ccc(F)cc3)cc2c2cc(C(F)(F)F)ccc21
VSAM-L0338,carbazole_C4_CF3/Cl-Ph,carbazole,C4,phosphonic acid,CF3/Cl-Ph,mixed-disubstituted carbazole,O=P(O)(O)CCCCn1c2ccc(C(F)(F)F)cc2c2cc(c3ccc(Cl)cc3)ccc21,O=P(O)(O)CCCCn1c2ccc(-c3ccc(Cl)cc3)cc2c2cc(C(F)(F)F)ccc21
VSAM-L0339,carbazole_C4_CF3/Me-Ph,carbazole,C4,phosphonic acid,CF3/Me-Ph,mixed-disubstituted carbazole,O=P(O)(O)CCCCn1c2ccc(C(F)(F)F)cc2c2cc(c3ccc(C)cc3)ccc21,Cc1ccc(-c2ccc3c(c2)c2cc(C(F)(F)F)ccc2n3CCCCP(=O)(O)O)cc1
VSAM-L0340,carbazole_C4_Ph/Th,carbazole,C4,phosphonic acid,Ph/Th,mixed-disubstituted carbazole,O=P(O)(O)CCCCn1c2ccc(c3ccccc3)cc2c2cc(c3ccsc3)ccc21,O=P(O)(O)CCCCn1c2ccc(-c3ccccc3)cc2c2cc(-c3ccsc3)ccc21
VSAM-L0341,carbazole_C4_Ph/Anisyl,carbazole,C4,phosphonic acid,Ph/Anisyl,mixed-disubstituted carbazole,O=P(O)(O)CCCCn1c2ccc(c3ccccc3)cc2c2cc(c3ccc(OC)cc3)ccc21,COc1ccc(-c2ccc3c(c2)c2cc(-c4ccccc4)ccc2n3CCCCP(=O)(O)O)cc1
VSAM-L0342,carbazole_C4_Ph/F-Ph,carbazole,C4,phosphonic acid,Ph/F-Ph,mixed-disubstituted carbazole,O=P(O)(O)CCCCn1c2ccc(c3ccccc3)cc2c2cc(c3ccc(F)cc3)ccc21,O=P(O)(O)CCCCn1c2ccc(-c3ccccc3)cc2c2cc(-c3ccc(F)cc3)ccc21
VSAM-L0343,carbazole_C4_Ph/Cl-Ph,carbazole,C4,phosphonic acid,Ph/Cl-Ph,mixed-disubstituted carbazole,O=P(O)(O)CCCCn1c2ccc(c3ccccc3)cc2c2cc(c3ccc(Cl)cc3)ccc21,O=P(O)(O)CCCCn1c2ccc(-c3ccccc3)cc2c2cc(-c3ccc(Cl)cc3)ccc21
VSAM-L0344,carbazole_C4_Ph/Me-Ph,carbazole,C4,phosphonic acid,Ph/Me-Ph,mixed-disubstituted carbazole,O=P(O)(O)CCCCn1c2ccc(c3ccccc3)cc2c2cc(c3ccc(C)cc3)ccc21,Cc1ccc(-c2ccc3c(c2)c2cc(-c4ccccc4)ccc2n3CCCCP(=O)(O)O)cc1
VSAM-L0345,carbazole_C4_Th/Anisyl,carbazole,C4,phosphonic acid,Th/Anisyl,mixed-disubstituted carbazole,O=P(O)(O)CCCCn1c2ccc(c3ccsc3)cc2c2cc(c3ccc(OC)cc3)ccc21,COc1ccc(-c2ccc3c(c2)c2cc(-c4ccsc4)ccc2n3CCCCP(=O)(O)O)cc1
VSAM-L0346,carbazole_C4_Th/F-Ph,carbazole,C4,phosphonic acid,Th/F-Ph,mixed-disubstituted carbazole,O=P(O)(O)CCCCn1c2ccc(c3ccsc3)cc2c2cc(c3ccc(F)cc3)ccc21,O=P(O)(O)CCCCn1c2ccc(-c3ccc(F)cc3)cc2c2cc(-c3ccsc3)ccc21
VSAM-L0347,carbazole_C4_Th/Cl-Ph,carbazole,C4,phosphonic acid,Th/Cl-Ph,mixed-disubstituted carbazole,O=P(O)(O)CCCCn1c2ccc(c3ccsc3)cc2c2cc(c3ccc(Cl)cc3)ccc21,O=P(O)(O)CCCCn1c2ccc(-c3ccc(Cl)cc3)cc2c2cc(-c3ccsc3)ccc21
VSAM-L0348,carbazole_C4_Th/Me-Ph,carbazole,C4,phosphonic acid,Th/Me-Ph,mixed-disubstituted carbazole,O=P(O)(O)CCCCn1c2ccc(c3ccsc3)cc2c2cc(c3ccc(C)cc3)ccc21,Cc1ccc(-c2ccc3c(c2)c2cc(-c4ccsc4)ccc2n3CCCCP(=O)(O)O)cc1
VSAM-L0349,carbazole_C4_Anisyl/F-Ph,carbazole,C4,phosphonic acid,Anisyl/F-Ph,mixed-disubstituted carbazole,O=P(O)(O)CCCCn1c2ccc(c3ccc(OC)cc3)cc2c2cc(c3ccc(F)cc3)ccc21,COc1ccc(-c2ccc3c(c2)c2cc(-c4ccc(F)cc4)ccc2n3CCCCP(=O)(O)O)cc1
VSAM-L0350,carbazole_C4_Anisyl/Cl-Ph,carbazole,C4,phosphonic acid,Anisyl/Cl-Ph,mixed-disubstituted carbazole,O=P(O)(O)CCCCn1c2ccc(c3ccc(OC)cc3)cc2c2cc(c3ccc(Cl)cc3)ccc21,COc1ccc(-c2ccc3c(c2)c2cc(-c4ccc(Cl)cc4)ccc2n3CCCCP(=O)(O)O)cc1
VSAM-L0351,carbazole_C4_Anisyl/Me-Ph,carbazole,C4,phosphonic acid,Anisyl/Me-Ph,mixed-disubstituted carbazole,O=P(O)(O)CCCCn1c2ccc(c3ccc(OC)cc3)cc2c2cc(c3ccc(C)cc3)ccc21,COc1ccc(-c2ccc3c(c2)c2cc(-c4ccc(C)cc4)ccc2n3CCCCP(=O)(O)O)cc1
VSAM-L0352,carbazole_C4_F-Ph/Cl-Ph,carbazole,C4,phosphonic acid,F-Ph/Cl-Ph,mixed-disubstituted carbazole,O=P(O)(O)CCCCn1c2ccc(c3ccc(F)cc3)cc2c2cc(c3ccc(Cl)cc3)ccc21,O=P(O)(O)CCCCn1c2ccc(-c3ccc(F)cc3)cc2c2cc(-c3ccc(Cl)cc3)ccc21
VSAM-L0353,carbazole_C4_F-Ph/Me-Ph,carbazole,C4,phosphonic acid,F-Ph/Me-Ph,mixed-disubstituted carbazole,O=P(O)(O)CCCCn1c2ccc(c3ccc(F)cc3)cc2c2cc(c3ccc(C)cc3)ccc21,Cc1ccc(-c2ccc3c(c2)c2cc(-c4ccc(F)cc4)ccc2n3CCCCP(=O)(O)O)cc1
VSAM-L0354,carbazole_C4_Cl-Ph/Me-Ph,carbazole,C4,phosphonic acid,Cl-Ph/Me-Ph,mixed-disubstituted carbazole,O=P(O)(O)CCCCn1c2ccc(c3ccc(Cl)cc3)cc2c2cc(c3ccc(C)cc3)ccc21,Cc1ccc(-c2ccc3c(c2)c2cc(-c4ccc(Cl)cc4)ccc2n3CCCCP(=O)(O)O)cc1
VSAM-L0355,dimethoxy-carbazole_C2_di-OMe,dimethoxy-carbazole,C2,phosphonic acid,di-OMe,electron-rich carbazole,COc1ccc2c(c1)c1ccc(OC)cc1n2CCP(=O)(O)O,COc1ccc2c(c1)c1ccc(OC)cc1n2CCP(=O)(O)O
VSAM-L0356,dimethyl-carbazole_C2_di-Me,dimethyl-carbazole,C2,phosphonic acid,di-Me,alkylated carbazole,Cc1ccc2c(c1)c1ccc(C)cc1n2CCP(=O)(O)O,Cc1ccc2c(c1)c1ccc(C)cc1n2CCP(=O)(O)O
VSAM-L0357,benzocarbazole_C2_anisyl,benzocarbazole,C2,phosphonic acid,anisyl,fused-aryl carbazole,COc1cc(OC)cc(-c2ccc3c(c2)c2c4ccccc4ccc2n3CCP(=O)(O)O)c1,COc1cc(OC)cc(-c2ccc3c(c2)c2c4ccccc4ccc2n3CCP(=O)(O)O)c1
VSAM-L0358,dimethoxy-carbazole_C3_di-OMe,dimethoxy-carbazole,C3,phosphonic acid,di-OMe,electron-rich carbazole,COc1ccc2c(c1)c1ccc(OC)cc1n2CCCP(=O)(O)O,COc1ccc2c(c1)c1ccc(OC)cc1n2CCCP(=O)(O)O
VSAM-L0359,dimethyl-carbazole_C3_di-Me,dimethyl-carbazole,C3,phosphonic acid,di-Me,alkylated carbazole,Cc1ccc2c(c1)c1ccc(C)cc1n2CCCP(=O)(O)O,Cc1ccc2c(c1)c1ccc(C)cc1n2CCCP(=O)(O)O
VSAM-L0360,benzocarbazole_C3_anisyl,benzocarbazole,C3,phosphonic acid,anisyl,fused-aryl carbazole,COc1cc(OC)cc(-c2ccc3c(c2)c2c4ccccc4ccc2n3CCCP(=O)(O)O)c1,COc1cc(OC)cc(-c2ccc3c(c2)c2c4ccccc4ccc2n3CCCP(=O)(O)O)c1
VSAM-L0361,dimethoxy-carbazole_C4_di-OMe,dimethoxy-carbazole,C4,phosphonic acid,di-OMe,electron-rich carbazole,COc1ccc2c(c1)c1ccc(OC)cc1n2CCCCP(=O)(O)O,COc1ccc2c(c1)c1ccc(OC)cc1n2CCCCP(=O)(O)O
VSAM-L0362,dimethyl-carbazole_C4_di-Me,dimethyl-carbazole,C4,phosphonic acid,di-Me,alkylated carbazole,Cc1ccc2c(c1)c1ccc(C)cc1n2CCCCP(=O)(O)O,Cc1ccc2c(c1)c1ccc(C)cc1n2CCCCP(=O)(O)O
VSAM-L0363,benzocarbazole_C4_anisyl,benzocarbazole,C4,phosphonic acid,anisyl,fused-aryl carbazole,COc1cc(OC)cc(-c2ccc3c(c2)c2c4ccccc4ccc2n3CCCCP(=O)(O)O)c1,COc1cc(OC)cc(-c2ccc3c(c2)c2c4ccccc4ccc2n3CCCCP(=O)(O)O)c1
VSAM-L0364,alkyl acid_C4_C4-chain,alkyl acid,C4,carboxylic acid,C4-chain,negative-control acid,CCCCC(=O)O,CCCCC(=O)O
VSAM-L0365,alkyl acid_C6_C6-chain,alkyl acid,C6,carboxylic acid,C6-chain,negative-control acid,CCCCCCC(=O)O,CCCCCCC(=O)O
VSAM-L0366,alkyl acid_C8_C8-chain,alkyl acid,C8,carboxylic acid,C8-chain,negative-control acid,CCCCCCCCC(=O)O,CCCCCCCCC(=O)O
VSAM-L0367,fluoroalkyl acid_long-chain_trifluoroalkyl,fluoroalkyl acid,long-chain,carboxylic acid,trifluoroalkyl,negative-control acid,O=C(O)CCCCCCCC(F)(F)F,O=C(O)CCCCCCCC(F)(F)F
VSAM-L0368,phenyl acid_aryl_benzoic-acid,phenyl acid,aryl,carboxylic acid,benzoic-acid,negative-control acid,O=C(O)c1ccccc1,O=C(O)c1ccccc1
VSAM-L0369,thiophene acid_aryl_thiophene-acid,thiophene acid,aryl,carboxylic acid,thiophene-acid,negative-control acid,O=C(O)c1ccsc1,O=C(O)c1ccsc1
